"group_id","arm","visitor_id","arrival_time","exit_time","time_on_page_sec","exit_rate","ctr_opportunities","ctr_newsletter","ctr_donation","ctr_events","kpi_x","kpi_y","scroll_depth_pct","ctr_partner_banner","page_load_time_ms"
"TXC_9","pre",30,2026-02-22 13:02:02,2026-02-22 13:02:39.9,37.9,0,0,0,0,1,39.49,0,84.6,0,1121.8
"TXC_9","treatment",389,2026-02-22 15:05:35,2026-02-22 15:05:39.4,4.4,1,0,0,0,0,5.53,0,0.9,0,1614.8
"TXC_9","pre",53,2026-02-22 19:00:50,2026-02-22 19:00:50.5,0.5,1,0,0,0,0,2.34,0,1.3,0,4086.4
"TXC_9","pre",77,2026-02-23 01:37:55,2026-02-23 01:38:47.9,52.9,0,0,0,0,0,5.27,0,27.2,0,5959.3
"TXC_9","pre",121,2026-02-23 03:48:15,2026-02-23 03:48:36.4,21.4,0,0,0,0,0,11.6,0,5.2,0,10088.6
"TXC_9","pre",1,2026-02-23 07:30:03.24415,2026-02-23 07:30:15.126317,11.9,1,0,0,0,0,6.89,0,4.7,0,1228.7
"TXC_9","pre",2,2026-02-23 09:15:24.463386,2026-02-23 09:15:31.169105,6.7,1,0,0,0,0,0.94,0,8.8,0,1884.8
"TXC_9","pre",3,2026-02-23 09:32:40.286405,2026-02-23 09:36:36.082819,235.8,0,0,1,0,1,48.76,0,7,0,1256.8
"TXC_9","pre",4,2026-02-23 10:14:25.870099,2026-02-23 10:14:39.525124,13.7,0,0,0,0,0,84.64,0,70.7,0,2164.2
"TXC_9","pre",5,2026-02-23 10:37:40.136311,2026-02-23 10:37:46.944597,6.8,0,0,0,0,0,83.17,1,5,0,14085.4
"TXC_9","pre",6,2026-02-23 10:44:28.974478,2026-02-23 10:47:55.463013,206.5,0,0,0,0,1,47.75,0,87.8,0,2321.1
"TXC_9","pre",7,2026-02-23 10:50:52.802541,2026-02-23 10:51:50.043505,57.2,0,0,0,0,0,9.79,0,24.8,0,2423.9
"TXC_9","pre",8,2026-02-23 10:52:53.316862,2026-02-23 10:54:36.417978,103.1,0,0,0,0,0,24.23,0,38.9,0,16076.1
"TXC_9","pre",9,2026-02-23 11:03:49.802891,2026-02-23 11:03:56.945781,7.1,0,0,1,0,0,59.98,0,76.8,0,1289.4
"TXC_9","pre",10,2026-02-23 11:38:55.340116,2026-02-23 11:39:04.8965,9.6,1,0,0,0,0,5.58,0,1.5,0,1772.7
"TXC_9","pre",11,2026-02-23 11:51:47.324764,2026-02-23 11:51:47.824764,0.5,1,0,0,0,0,0.48,0,3.7,0,2972.3
"TXC_9","pre",12,2026-02-23 11:55:44.419835,2026-02-23 11:55:53.484656,9.1,0,0,0,0,0,60.33,0,67.8,0,1353.5
"TXC_9","pre",13,2026-02-23 12:31:24.804517,2026-02-23 12:33:51.44112,146.6,0,0,0,0,0,23.54,0,28.2,0,857
"TXC_9","pre",14,2026-02-23 12:33:47.856881,2026-02-23 12:34:35.907773,48.1,0,0,0,0,1,73.74,0,26.5,0,1538.8
"TXC_9","pre",15,2026-02-23 12:40:00.51785,2026-02-23 12:40:07.057279,6.5,1,0,0,0,0,0.91,0,12.1,0,5155.6
"TXC_9","pre",16,2026-02-23 13:05:13.10637,2026-02-23 13:05:17.838944,4.7,1,0,0,0,0,6.48,0,7,0,1237
"TXC_9","pre",17,2026-02-23 13:23:24.331776,2026-02-23 13:23:42.493539,18.2,0,0,0,0,1,44.44,0,71.3,0,2106.8
"TXC_9","pre",18,2026-02-23 13:56:09.882674,2026-02-23 14:02:52.363597,402.5,0,0,0,0,0,3.1,0,16.6,0,1299.2
"TXC_9","pre",19,2026-02-23 14:14:04.894864,2026-02-23 14:14:20.204831,15.3,0,0,0,0,0,13.11,0,13.6,0,1251.8
"TXC_9","pre",20,2026-02-23 14:14:10.36477,2026-02-23 14:18:52.323201,282,0,0,0,0,0,91.23,1,48.5,0,1100.3
"TXC_9","pre",21,2026-02-23 14:35:36.065726,2026-02-23 14:38:22.40188,166.3,0,0,0,0,0,4.02,0,47.5,0,949.5
"TXC_9","pre",22,2026-02-23 14:50:38.54975,2026-02-23 14:51:47.120795,68.6,0,0,0,0,0,68.86,0,3.4,0,2083
"TXC_9","pre",23,2026-02-23 14:56:15.119734,2026-02-23 14:56:38.872959,23.8,0,0,1,0,0,11.25,0,55.5,0,3652.9
"TXC_9","pre",24,2026-02-23 15:29:18.830053,2026-02-23 15:30:07.102416,48.3,0,0,0,0,0,51.4,0,81.9,1,1329.5
"TXC_9","pre",25,2026-02-23 17:47:06.412769,2026-02-23 17:48:10.486754,64.1,0,0,0,0,0,36.38,0,77.1,0,1329.3
"TXC_9","pre",26,2026-02-23 17:58:59.099231,2026-02-23 17:59:16.020543,16.9,0,0,0,0,0,0,0,37.5,0,1357.1
"TXC_9","pre",27,2026-02-23 18:46:18.916799,2026-02-23 18:47:24.20437,65.3,0,0,0,0,0,30.38,0,9.8,0,1549.6
"TXC_9","pre",28,2026-02-23 18:59:23.843402,2026-02-23 19:00:00.399648,36.6,0,0,0,0,0,77.16,0,75.5,0,795.3
"TXC_9","pre",29,2026-02-23 19:10:30.559644,2026-02-23 19:11:37.101583,66.5,0,0,0,0,0,89.54,0,28.8,1,1483.5
"TXC_9","pre",31,2026-02-23 20:42:05.633858,2026-02-23 20:42:25.869489,20.2,0,0,0,0,0,65.9,0,3.3,0,1557.1
"TXC_9","pre",32,2026-02-23 20:45:12.638151,2026-02-23 20:45:59.652342,47,0,0,0,0,0,75.35,0,85.3,0,1465.6
"TXC_9","pre",33,2026-02-23 20:46:42.279603,2026-02-23 20:46:45.676272,3.4,1,0,0,0,0,3.01,0,1.3,0,1583
"TXC_9","pre",34,2026-02-23 20:52:48.772025,2026-02-23 20:55:20.405609,151.6,0,0,0,0,0,59.26,0,36.4,0,2347.7
"TXC_9","pre",35,2026-02-23 21:44:40.043461,2026-02-23 21:47:29.693737,169.7,0,0,0,0,0,41.4,0,16.4,0,1459.4
"TXC_9","pre",36,2026-02-23 21:48:21.318321,2026-02-23 21:48:44.754669,23.4,0,0,0,0,0,2.31,0,80,0,1461.6
"TXC_9","pre",37,2026-02-24 07:30:56.803739,2026-02-24 07:37:32.663922,395.9,0,0,1,0,0,36.59,0,98.9,0,1700.8
"TXC_9","pre",38,2026-02-24 08:28:05.216404,2026-02-24 08:33:31.037379,325.8,0,0,0,0,0,28.06,0,36.9,0,1027.3
"TXC_9","pre",39,2026-02-24 08:52:53.663437,2026-02-24 08:53:08.387533,14.7,0,0,1,0,0,24.07,0,69.2,0,5246.8
"TXC_9","pre",40,2026-02-24 08:58:02.463279,2026-02-24 08:58:13.580723,11.1,0,0,0,0,0,80.83,0,95.4,0,1413.2
"TXC_9","pre",41,2026-02-24 09:13:12.772782,2026-02-24 09:16:33.917178,201.1,0,0,0,0,0,7.39,0,50.9,0,1065.5
"TXC_9","pre",42,2026-02-24 10:07:46.253508,2026-02-24 10:07:54.853409,8.6,0,0,0,0,0,33.37,0,28.9,0,1797
"TXC_9","pre",43,2026-02-24 10:14:31.804988,2026-02-24 10:22:08.918531,457.1,0,0,0,0,1,16.36,0,50.9,0,1151.5
"TXC_9","pre",44,2026-02-24 10:35:21.039543,2026-02-24 10:36:30.246564,69.2,0,0,0,0,0,23.23,0,3.2,0,1178.2
"TXC_9","pre",45,2026-02-24 11:03:50.012479,2026-02-24 11:03:50.512479,0.5,1,0,0,0,0,1.21,0,3.6,0,1918.4
"TXC_9","pre",46,2026-02-24 11:12:20.51094,2026-02-24 11:14:14.36217,113.9,0,0,0,0,0,0,0,64,0,1449.3
"TXC_9","pre",47,2026-02-24 11:13:11.340223,2026-02-24 11:14:06.356609,55,0,0,0,0,0,29.1,0,92,0,1981.2
"TXC_9","pre",48,2026-02-24 12:23:47.798101,2026-02-24 12:26:33.756057,166,0,0,0,0,1,35.91,0,88,0,1550.2
"TXC_9","pre",49,2026-02-24 13:19:13.29123,2026-02-24 13:19:26.800418,13.5,1,0,0,0,0,1.75,0,11.5,0,1089.9
"TXC_9","pre",50,2026-02-24 13:40:13.905312,2026-02-24 13:40:17.746321,3.8,1,0,0,0,0,2.76,0,1.3,0,2424.7
"TXC_9","pre",51,2026-02-24 14:31:27.63312,2026-02-24 14:37:15.267553,347.6,0,0,0,0,0,86.7,0,26.2,0,1279.2
"TXC_9","pre",52,2026-02-24 15:04:53.332847,2026-02-24 15:05:14.04966,20.7,0,0,0,0,0,71.1,0,92.2,0,1531.5
"TXC_9","pre",54,2026-02-24 15:56:59.648724,2026-02-24 15:57:27.00693,27.4,0,0,0,0,0,38.47,0,23.2,0,2043.1
"TXC_9","pre",55,2026-02-24 16:06:19.571471,2026-02-24 16:07:38.322601,78.8,0,0,0,0,0,39.89,0,59.5,0,1580.8
"TXC_9","pre",56,2026-02-24 16:11:07.692615,2026-02-24 16:16:30.956881,323.3,0,0,1,0,0,9.25,0,85.9,0,2169.5
"TXC_9","pre",57,2026-02-24 16:14:38.668997,2026-02-24 16:15:03.020963,24.4,0,0,0,0,1,32.44,0,84.4,0,1215.3
"TXC_9","pre",58,2026-02-24 18:09:39.78599,2026-02-24 18:09:42.192675,2.4,1,0,0,0,0,1.19,0,4.4,0,1476
"TXC_9","pre",59,2026-02-24 18:34:25.225952,2026-02-24 18:35:36.283973,71.1,0,1,1,0,0,5.97,0,73.5,0,3435.7
"TXC_9","pre",60,2026-02-24 18:57:13.825588,2026-02-24 19:00:41.552656,207.7,0,0,0,0,1,55.19,0,69.9,0,1486.7
"TXC_9","pre",61,2026-02-24 18:57:51.314,2026-02-24 18:59:50.051414,118.7,0,0,0,0,0,53.02,0,93.4,0,1382.6
"TXC_9","pre",62,2026-02-24 19:23:19.484782,2026-02-24 19:25:57.844784,158.4,0,0,0,0,1,9.69,0,12,0,1861.8
"TXC_9","pre",63,2026-02-24 19:38:08.735269,2026-02-24 19:55:03.202114,1014.5,0,0,0,0,0,47.55,0,32.4,0,2227.1
"TXC_9","pre",64,2026-02-24 19:43:30.498187,2026-02-24 19:43:50.975673,20.5,0,0,0,0,0,70.46,1,81.6,0,1486.9
"TXC_9","pre",65,2026-02-24 19:45:58.283539,2026-02-24 19:50:51.456847,293.2,0,0,0,0,0,48.48,0,0.4,0,1319.7
"TXC_9","pre",66,2026-02-24 19:52:08.049167,2026-02-24 19:53:40.266736,92.2,0,0,0,0,0,38.72,0,32.9,0,1188.9
"TXC_9","pre",67,2026-02-24 20:05:04.167132,2026-02-24 20:06:59.990469,115.8,0,0,0,0,0,18.75,0,56.1,0,1293.6
"TXC_9","pre",68,2026-02-24 20:18:38.441949,2026-02-24 20:18:55.539308,17.1,0,0,0,0,0,22.44,0,14.2,0,1419.1
"TXC_9","pre",69,2026-02-24 20:20:22.045854,2026-02-24 20:21:00.050512,38,0,0,0,0,0,87.5,0,84.5,0,1446
"TXC_9","pre",70,2026-02-24 20:21:53.629043,2026-02-24 20:26:28.989746,275.4,0,0,0,0,0,16.13,0,39.5,0,1773.9
"TXC_9","pre",71,2026-02-24 20:47:19.137965,2026-02-24 20:47:27.739421,8.6,0,0,0,0,0,29.73,0,24,0,891.9
"TXC_9","pre",72,2026-02-24 20:51:13.04287,2026-02-24 20:51:55.722739,42.7,0,0,0,0,0,21.64,0,3.4,1,1352.3
"TXC_9","pre",73,2026-02-24 21:35:56.109522,2026-02-24 21:37:17.545859,81.4,0,0,0,0,0,31.65,0,18.6,0,1771.4
"TXC_9","pre",74,2026-02-24 21:37:09.040303,2026-02-24 21:44:00.012552,411,0,0,0,0,0,54.32,0,17.9,0,1260.7
"TXC_9","pre",75,2026-02-24 21:51:46.357584,2026-02-24 22:39:40.393951,2874,0,0,0,0,0,61.98,0,28.3,0,1672.2
"TXC_9","pre",76,2026-02-24 21:57:34.398859,2026-02-24 21:58:38.71879,64.3,0,0,0,0,0,38.94,0,99.1,0,1806.6
"TXC_9","pre",78,2026-02-24 23:01:57.914495,2026-02-24 23:02:00.576869,2.7,1,0,0,0,0,2.09,0,0.3,0,1257.7
"TXC_9","pre",79,2026-02-25 07:21:19.002016,2026-02-25 08:00:50.141932,2371.1,0,0,0,0,0,24.18,0,1.8,0,2583
"TXC_9","pre",80,2026-02-25 07:42:50.878079,2026-02-25 07:55:01.926288,731,0,0,0,0,0,80.18,0,47.6,0,3330.6
"TXC_9","pre",81,2026-02-25 08:25:30.97226,2026-02-25 08:28:33.280592,182.3,0,0,0,0,0,14.18,0,0.5,1,1644.8
"TXC_9","pre",82,2026-02-25 08:55:26.984978,2026-02-25 08:59:09.957135,223,0,0,0,0,0,3.8,0,31.7,0,950
"TXC_9","pre",83,2026-02-25 09:04:05.204541,2026-02-25 09:19:54.40397,949.2,0,0,0,0,0,12.8,0,31.6,0,6638.1
"TXC_9","pre",84,2026-02-25 09:59:47.719888,2026-02-25 10:02:28.589583,160.9,0,0,0,0,0,69.12,0,69.8,0,1122.8
"TXC_9","pre",85,2026-02-25 10:15:43.435262,2026-02-25 10:15:43.935262,0.5,1,0,0,0,0,1.64,0,2.7,0,817
"TXC_9","pre",86,2026-02-25 10:35:52.563445,2026-02-25 10:36:40.922601,48.4,0,0,1,0,0,33.18,0,70.4,0,1390.5
"TXC_9","pre",87,2026-02-25 10:43:14.687289,2026-02-25 10:43:16.47539,1.8,1,0,0,0,0,1.76,0,4.3,0,4451.1
"TXC_9","pre",88,2026-02-25 10:52:16.420916,2026-02-25 10:57:35.82801,319.4,0,0,1,0,0,39.38,0,71.9,1,1241.5
"TXC_9","pre",89,2026-02-25 11:20:45.392626,2026-02-25 11:22:30.981192,105.6,0,0,0,0,0,9.89,0,87.7,0,1706.3
"TXC_9","pre",90,2026-02-25 11:33:46.029993,2026-02-25 11:34:06.668409,20.6,0,0,0,0,0,9.45,0,34.5,0,1685.5
"TXC_9","pre",91,2026-02-25 11:47:30.87209,2026-02-25 11:47:35.576025,4.7,1,0,0,0,0,1.94,0,9.1,0,2086.7
"TXC_9","pre",92,2026-02-25 12:35:37.722112,2026-02-25 12:38:36.870568,179.1,0,0,0,0,0,55.14,0,0.2,0,1044.6
"TXC_9","pre",93,2026-02-25 12:57:29.20433,2026-02-25 12:58:24.597939,55.4,0,0,0,0,0,36.9,0,81.6,0,1828.9
"TXC_9","pre",94,2026-02-25 13:21:23.661397,2026-02-25 13:30:04.77583,521.1,0,0,0,0,0,44.62,0,88.5,0,1420.6
"TXC_9","pre",95,2026-02-25 13:26:34.644675,2026-02-25 13:27:16.413393,41.8,0,0,0,0,0,96.21,0,89,0,1595.1
"TXC_9","pre",96,2026-02-25 13:27:49.215376,2026-02-25 13:28:06.440014,17.2,0,0,0,0,0,39.79,0,31,0,1262.1
"TXC_9","pre",97,2026-02-25 13:33:58.791062,2026-02-25 13:37:59.093106,240.3,0,0,1,0,0,54.23,0,87.4,0,1534.6
"TXC_9","pre",98,2026-02-25 14:02:26.366282,2026-02-25 14:07:21.735336,295.4,0,0,0,0,0,48.82,0,13.1,0,2026.4
"TXC_9","pre",99,2026-02-25 14:18:30.970307,2026-02-25 14:18:31.470307,0.5,1,0,0,0,0,0.86,0,3.2,0,938.2
"TXC_9","pre",100,2026-02-25 14:48:31.605363,2026-02-25 14:50:42.277113,130.7,0,0,0,0,0,16.42,0,11.4,0,1209.1
"TXC_9","pre",101,2026-02-25 14:51:37.120033,2026-02-25 14:51:47.816633,10.7,1,0,0,0,0,1.94,0,16.9,0,1994.6
"TXC_9","pre",102,2026-02-25 15:00:25.892747,2026-02-25 16:51:20.313096,6654.4,0,0,0,0,0,7.41,0,15.2,0,2164.8
"TXC_9","pre",103,2026-02-25 15:25:24.154571,2026-02-25 15:25:32.47421,8.3,1,0,0,0,0,5.29,0,15,0,1291.9
"TXC_9","pre",104,2026-02-25 15:26:07.839499,2026-02-25 15:26:45.091966,37.3,0,0,0,0,0,10.55,0,68.5,0,1049.5
"TXC_9","pre",105,2026-02-25 15:54:52.704659,2026-02-25 16:45:00.839041,3008.1,0,0,0,0,1,56.99,0,89.2,0,2441.7
"TXC_9","pre",106,2026-02-25 16:24:43.23046,2026-02-25 16:24:43.73046,0.5,1,0,0,0,0,3.47,0,4.1,0,887
"TXC_9","pre",107,2026-02-25 16:34:59.327762,2026-02-25 16:35:03.208893,3.9,1,0,0,0,0,2.6,0,1.9,0,2141.6
"TXC_9","pre",108,2026-02-25 16:41:48.129165,2026-02-25 16:42:08.151753,20,1,0,0,0,0,0.2,0,1.9,0,8555.4
"TXC_9","pre",109,2026-02-25 16:52:39.759591,2026-02-25 16:53:27.818603,48.1,0,0,0,0,0,72.86,0,14.9,0,1235.4
"TXC_9","pre",110,2026-02-25 17:25:28.05265,2026-02-25 17:32:33.241975,425.2,0,0,0,0,0,35.27,0,21.9,0,867.9
"TXC_9","pre",111,2026-02-25 18:30:39.506121,2026-02-25 18:31:42.466848,63,0,0,0,0,1,15.1,0,15.6,0,1702.5
"TXC_9","pre",112,2026-02-25 18:39:00.049515,2026-02-25 18:39:14.824215,14.8,0,0,1,0,1,25.98,0,82.2,0,1369.9
"TXC_9","pre",113,2026-02-25 18:58:23.016167,2026-02-25 18:58:32.670888,9.7,0,0,0,0,0,48.76,0,1.8,0,1365.9
"TXC_9","pre",114,2026-02-25 19:26:08.797519,2026-02-25 19:27:45.255757,96.5,0,0,0,0,0,12.64,0,71,0,1458.2
"TXC_9","pre",115,2026-02-25 19:42:58.512806,2026-02-25 21:40:34.402273,7055.9,0,0,0,0,0,46.87,0,58.9,0,1426.7
"TXC_9","pre",116,2026-02-25 20:07:50.267719,2026-02-25 20:07:58.916647,8.6,1,0,0,0,0,1.38,0,8.1,0,1772.8
"TXC_9","pre",117,2026-02-25 20:29:46.625795,2026-02-25 20:30:38.454368,51.8,0,0,0,0,0,56.06,0,7.6,0,1054.7
"TXC_9","pre",118,2026-02-25 20:58:12.009362,2026-02-25 20:58:19.397613,7.4,0,0,0,0,0,21.38,0,24.7,1,3513.7
"TXC_9","pre",119,2026-02-25 21:46:33.061662,2026-02-25 22:02:38.963516,965.9,0,0,0,0,0,32.45,0,20.9,0,1312.8
"TXC_9","pre",120,2026-02-25 22:24:33.191838,2026-02-25 22:24:35.78564,2.6,1,0,0,0,0,0.03,0,3.4,0,2740
"TXC_9","pre",122,2026-02-26 04:31:01.961204,2026-02-26 04:31:42.563469,40.6,0,0,0,0,0,49.13,0,9.8,0,1328.2
"TXC_9","pre",123,2026-02-26 07:29:18.271694,2026-02-26 07:29:29.246063,11,0,0,0,0,0,64.7,0,45,0,1201.6
"TXC_9","pre",124,2026-02-26 08:43:02.172932,2026-02-26 08:44:01.592643,59.4,0,0,0,0,0,19.44,0,35.6,0,10546.9
"TXC_9","pre",125,2026-02-26 09:32:24.985172,2026-02-26 09:32:51.289701,26.3,0,0,0,0,0,18.51,0,5.9,0,1874.8
"TXC_9","pre",126,2026-02-26 10:06:40.857421,2026-02-26 10:07:15.20856,34.4,0,0,0,0,0,22.25,0,47.9,0,2294
"TXC_9","pre",127,2026-02-26 10:34:34.544266,2026-02-26 12:11:25.064875,5810.5,0,0,0,0,0,38.96,0,4.7,0,1436.5
"TXC_9","pre",128,2026-02-26 10:48:51.049637,2026-02-26 11:02:20.929405,809.9,0,0,0,0,0,67.37,0,81.4,0,675.4
"TXC_9","pre",129,2026-02-26 10:51:01.405637,2026-02-26 10:51:08.619147,7.2,0,0,0,0,0,12.81,0,90.3,0,1094.9
"TXC_9","pre",130,2026-02-26 11:57:51.718204,2026-02-26 12:25:10.667275,1638.9,0,0,1,0,0,96.01,0,42.2,0,1572.8
"TXC_9","pre",131,2026-02-26 12:27:00.614922,2026-02-26 12:27:12.206411,11.6,0,0,0,0,0,22.31,0,12.9,0,1195.2
"TXC_9","pre",132,2026-02-26 12:41:23.951224,2026-02-26 12:43:22.766361,118.8,0,0,0,0,0,22.39,0,30.6,0,1727.2
"TXC_9","pre",133,2026-02-26 13:40:40.51454,2026-02-26 13:42:27.956576,107.4,0,0,0,0,0,0,0,37.8,0,1807
"TXC_9","pre",134,2026-02-26 14:05:12.59143,2026-02-26 14:09:11.619387,239,0,0,0,0,0,13.45,0,92.9,0,1085.9
"TXC_9","pre",136,2026-02-26 14:08:00.952255,2026-02-26 14:08:03.174675,2.2,1,0,0,0,0,0.21,0,0.1,0,1772.7
"TXC_9","pre",137,2026-02-26 14:31:02.900834,2026-02-26 14:31:04.576952,1.7,1,0,0,0,0,0.81,0,3,0,1988.8
"TXC_9","pre",138,2026-02-26 14:43:01.513135,2026-02-26 14:43:03.46937,2,1,0,0,0,0,0.58,0,2.3,0,1578.5
"TXC_9","pre",139,2026-02-26 15:21:24.335614,2026-02-26 15:21:33.995052,9.7,0,0,0,0,0,46.06,0,33.2,0,1279.3
"TXC_9","pre",140,2026-02-26 15:26:37.677636,2026-02-26 15:28:51.061072,133.4,0,0,0,0,0,8.01,0,34.2,0,1382.4
"TXC_9","pre",141,2026-02-26 15:36:29.779494,2026-02-26 15:37:19.812399,50,0,0,0,0,1,27.01,0,84.8,0,1267.1
"TXC_9","pre",142,2026-02-26 16:35:10.145141,2026-02-26 16:35:10.645141,0.5,1,0,0,0,0,3.7,0,2.6,0,1362.6
"TXC_9","pre",143,2026-02-26 18:12:41.935479,2026-02-26 18:12:50.764637,8.8,0,0,0,0,0,52.96,1,2.5,0,2430.4
"TXC_9","pre",144,2026-02-26 18:26:17.759316,2026-02-26 18:27:32.357613,74.6,0,0,0,0,0,11.52,0,7.1,1,1664.2
"TXC_9","pre",145,2026-02-26 18:50:03.162154,2026-02-26 18:50:08.036099,4.9,0,0,0,0,0,61.19,0,26.7,0,1441.8
"TXC_9","pre",146,2026-02-26 19:01:32.822706,2026-02-26 19:01:36.068497,3.2,1,0,0,0,0,2.4,0,17.8,0,1537.6
"TXC_9","pre",147,2026-02-26 19:11:02.025307,2026-02-26 19:11:08.991611,7,0,0,0,0,0,5.61,0,45.5,0,835.8
"TXC_9","pre",148,2026-02-26 19:47:52.297945,2026-02-26 19:47:56.264731,4,0,0,0,0,0,14.67,0,23.8,0,1405.2
"TXC_9","pre",149,2026-02-26 20:01:33.870655,2026-02-26 20:02:18.293481,44.4,0,0,0,0,0,0,0,36.3,0,1318.7
"TXC_9","pre",150,2026-02-26 20:04:13.949779,2026-02-26 20:04:15.313809,1.4,1,0,0,0,0,0.21,0,10.9,0,1262.8
"TXC_9","pre",151,2026-02-26 20:13:54.88202,2026-02-26 20:14:24.791332,29.9,0,0,0,0,0,64.43,0,74.6,0,1655.1
"TXC_9","pre",152,2026-02-26 20:43:58.310418,2026-02-26 20:44:11.274066,13,0,0,0,0,0,66.65,0,20.4,0,1702.5
"TXC_9","control",153,2026-02-26 21:02:41.637868,2026-02-26 21:05:56.701352,195.1,0,0,0,0,0,22.482,0,31.32,0,2803.6
"TXC_9","control",154,2026-02-26 21:22:53.546885,2026-02-26 21:28:23.089798,329.5,0,0,0,0,0,44.592,1,19.14,0,1746.1
"TXC_9","control",155,2026-02-26 21:50:52.500663,2026-02-26 21:52:08.65885,76.2,0,0,0,0,0,48.678,0,44.82,0,1372
"TXC_9","control",156,2026-02-26 21:56:21.232455,2026-02-26 21:56:30.888103,9.7,0,0,0,0,0,37.71,0,56.4,0,1483.6
"TXC_9","control",157,2026-02-26 22:02:34.47702,2026-02-26 22:02:35.38582,0.9,1,0,0,0,0,3.492,0,1.08,0,1624.6
"TXC_9","control",159,2026-02-27 07:21:39.637757,2026-02-27 07:23:13.148287,93.5,0,0,0,0,0,10.464,0,39.84,0,1191.7
"TXC_9","control",160,2026-02-27 09:07:24.307588,2026-02-27 09:09:18.28577,114,0,0,0,0,0,6.258,0,35.04,0,2340.3
"TXC_9","control",161,2026-02-27 09:11:23.741634,2026-02-27 09:11:36.463138,12.7,0,0,0,0,1,27.63,0,0.96,0,2215.7
"TXC_9","control",162,2026-02-27 09:25:21.387141,2026-02-27 09:25:39.533242,18.1,0,0,0,0,0,42.246,0,37.2,0,1168
"TXC_9","control",163,2026-02-27 09:27:37.675036,2026-02-27 09:30:42.301301,184.6,0,0,0,0,0,49.56,0,40.44,0,1430
"TXC_9","control",164,2026-02-27 09:29:37.303134,2026-02-27 09:30:37.74922,60.4,0,0,0,0,0,6.402,0,0.48,0,2200.2
"TXC_9","control",165,2026-02-27 10:00:12.346349,2026-02-27 10:04:02.218186,229.9,0,0,0,0,0,24.948,0,15.96,0,1276.7
"TXC_9","control",166,2026-02-27 10:11:16.789053,2026-02-27 10:11:19.098166,2.3,1,0,0,0,0,0.6,0,4.14,0,1562.3
"TXC_9","control",167,2026-02-27 10:12:10.429378,2026-02-27 10:14:44.273282,153.8,0,0,0,0,0,6.774,0,0.78,0,1616.5
"TXC_9","control",168,2026-02-27 10:49:46.253111,2026-02-27 10:50:07.553324,21.3,0,0,0,0,0,18,0,15.24,0,3712.4
"TXC_9","control",169,2026-02-27 10:50:12.646953,2026-02-27 11:04:48.39073,875.7,0,0,0,0,0,16.62,1,35.1,0,1208
"TXC_9","control",170,2026-02-27 10:53:15.544935,2026-02-27 10:53:52.098467,36.6,0,0,0,0,0,26.604,0,35.04,0,7306.3
"TXC_9","control",171,2026-02-27 11:11:57.852185,2026-02-27 11:18:49.246094,411.4,0,0,0,0,0,24.096,0,8.64,0,1178.8
"TXC_9","control",172,2026-02-27 11:26:30.538339,2026-02-27 11:28:04.802535,94.3,0,0,0,0,0,11.802,0,15.72,0,1652.5
"TXC_9","control",173,2026-02-27 11:51:23.022197,2026-02-27 11:53:11.174703,108.2,0,0,0,0,0,16.23,0,51.06,0,2679.1
"TXC_9","control",174,2026-02-27 12:28:10.32849,2026-02-27 12:28:14.839329,4.5,1,0,0,0,0,3.288,0,3.18,0,1551
"TXC_9","control",175,2026-02-27 12:57:03.850429,2026-02-27 12:59:58.352118,174.5,0,0,0,0,0,50.934,0,27.9,0,1490.4
"TXC_9","control",176,2026-02-27 13:23:57.041739,2026-02-27 13:25:08.138463,71.1,0,0,0,0,0,3.774,0,1.56,0,969.2
"TXC_9","control",177,2026-02-27 13:25:09.381721,2026-02-27 13:26:50.308605,100.9,0,0,0,0,0,25.488,0,17.52,0,1444.4
"TXC_9","control",178,2026-02-27 13:59:51.040175,2026-02-27 14:00:18.804976,27.8,0,0,0,0,0,1.092,0,31.92,0,1354.9
"TXC_9","control",179,2026-02-27 14:14:11.443514,2026-02-27 14:14:20.922765,9.5,0,0,0,0,0,36.258,0,28.92,0,2461.6
"TXC_9","control",180,2026-02-27 14:36:15.881533,2026-02-27 14:43:57.375452,461.5,0,0,0,0,0,11.532,0,51.18,0,1994.6
"TXC_9","control",181,2026-02-27 15:13:10.794001,2026-02-27 15:13:11.294001,0.5,1,0,0,0,0,1.014,0,2.4,0,2169.4
"TXC_9","control",182,2026-02-27 15:16:01.389032,2026-02-27 15:19:17.185466,195.8,0,0,0,0,0,4.02,1,53.7,0,1061.7
"TXC_9","control",183,2026-02-27 16:06:18.918189,2026-02-27 16:06:20.023239,1.1,1,0,0,0,0,2.202,0,4.56,0,767
"TXC_9","control",184,2026-02-27 16:25:25.912732,2026-02-27 16:27:51.873697,146,0,0,0,0,0,15.762,0,16.74,0,4352.8
"TXC_9","control",185,2026-02-27 16:37:35.037001,2026-02-27 16:38:41.810583,66.8,0,0,0,0,0,31.746,0,2.16,0,2411.9
"TXC_9","control",186,2026-02-27 16:49:14.17141,2026-02-27 16:49:58.973083,44.8,0,0,0,0,0,6.126,1,55.68,0,1775.9
"TXC_9","control",187,2026-02-27 17:24:34.703803,2026-02-27 17:26:45.913224,131.2,0,0,0,0,0,50.286,0,3.96,0,1751.3
"TXC_9","control",188,2026-02-27 17:48:44.406642,2026-02-27 17:49:38.741081,54.3,0,0,0,0,0,2.904,0,28.2,0,2042.5
"TXC_9","control",189,2026-02-27 18:02:28.383705,2026-02-27 18:02:55.237172,26.9,0,0,0,0,0,8.598,0,50.4,0,2388.5
"TXC_9","control",190,2026-02-27 18:05:48.733997,2026-02-27 18:05:58.245744,9.5,0,0,0,0,0,41.178,0,22.14,0,1646.2
"TXC_9","control",191,2026-02-27 18:24:05.113646,2026-02-27 18:24:05.637021,0.5,1,0,0,0,0,0.294,0,2.34,0,1278.2
"TXC_9","control",192,2026-02-27 18:51:07.220438,2026-02-27 18:51:07.720438,0.5,1,0,0,0,0,2.706,0,4.32,0,1413.9
"TXC_9","control",193,2026-02-27 19:52:10.561642,2026-02-27 19:54:31.753738,141.2,0,0,0,0,0,14.982,0,50.22,0,2429
"TXC_9","control",194,2026-02-27 20:23:17.250009,2026-02-27 20:29:38.486115,381.2,0,0,0,0,0,22.938,0,0.72,0,1751
"TXC_9","control",195,2026-02-27 20:36:04.335166,2026-02-27 20:37:51.236935,106.9,0,0,0,0,0,13.956,0,50.88,0,2880.1
"TXC_9","control",196,2026-02-27 21:08:21.413635,2026-02-27 21:08:25.747737,4.3,1,0,0,0,0,0.06,0,10.14,0,1265.5
"TXC_9","control",197,2026-02-27 21:34:00.646847,2026-02-27 21:34:38.613434,38,0,0,0,0,0,49.566,1,23.7,0,706
"TXC_9","control",198,2026-02-27 23:37:53.03868,2026-02-27 23:38:16.199481,23.2,0,0,0,0,0,13.374,0,19.86,0,1433.1
"TXC_9","control",199,2026-02-28 08:13:40.007978,2026-02-28 08:16:51.298602,191.3,0,0,0,1,0,37.23,0,13.14,0,2186.6
"TXC_9","control",200,2026-02-28 08:31:37.220884,2026-02-28 08:31:44.848196,7.6,0,0,0,0,0,7.206,0,54.36,0,1931.9
"TXC_9","control",201,2026-02-28 08:46:08.596745,2026-02-28 08:46:09.450411,0.9,1,0,0,0,0,0.078,0,5.82,0,1455
"TXC_9","control",202,2026-02-28 09:00:28.269108,2026-02-28 09:06:39.570404,371.3,0,0,0,0,0,19.53,0,53.1,0,2574.6
"TXC_9","control",203,2026-02-28 09:04:12.183122,2026-02-28 09:04:37.362086,25.2,0,0,0,0,0,14.448,0,27.9,0,1310.1
"TXC_9","control",204,2026-02-28 09:52:43.461558,2026-02-28 09:52:46.751106,3.3,1,0,0,0,0,0.33,0,4.56,0,1379.7
"TXC_9","control",205,2026-02-28 10:04:16.064218,2026-02-28 10:09:03.914254,287.9,0,0,0,0,0,51,0,38.1,0,2256.5
"TXC_9","control",206,2026-02-28 10:13:42.720227,2026-02-28 10:14:01.070533,18.4,0,0,0,0,0,39.03,0,6.3,0,1592.1
"TXC_9","control",207,2026-02-28 10:15:45.874216,2026-02-28 10:15:48.294598,2.4,1,0,0,0,0,0.516,0,2.34,0,1654.3
"TXC_9","control",208,2026-02-28 10:16:50.662519,2026-02-28 10:16:52.31001,1.6,1,0,0,0,0,4.446,0,3.9,0,1071
"TXC_9","control",209,2026-02-28 10:23:01.109635,2026-02-28 10:23:14.479103,13.4,1,0,0,0,0,0.882,0,3.66,0,1841.6
"TXC_9","control",210,2026-02-28 10:41:24.272812,2026-02-28 10:41:28.231174,4,1,0,0,0,0,1.2,0,3,0,1061.4
"TXC_9","control",211,2026-02-28 10:47:18.83138,2026-02-28 10:50:07.126529,168.3,0,0,0,0,0,12.51,0,7.14,0,1056.6
"TXC_9","control",212,2026-02-28 10:49:49.446455,2026-02-28 10:50:05.575907,16.1,0,0,0,0,0,20.844,0,55.38,0,2333.2
"TXC_9","control",213,2026-02-28 11:00:58.578613,2026-02-28 12:33:59.889278,5581.3,0,0,0,0,0,7.374,0,43.08,0,1278.2
"TXC_9","control",214,2026-02-28 11:08:44.855646,2026-02-28 11:17:23.828487,519,0,0,0,0,0,33.126,1,36.06,0,1270
"TXC_9","control",215,2026-02-28 11:42:15.504406,2026-02-28 11:44:21.329006,125.8,0,0,0,0,0,25.992,0,0.9,1,1147
"TXC_9","control",216,2026-02-28 11:49:02.702238,2026-02-28 11:49:08.652432,6,0,0,0,0,0,3.87,0,17.76,0,1104
"TXC_9","control",217,2026-02-28 12:30:51.85278,2026-02-28 12:31:08.226241,16.4,0,0,0,0,0,40.056,0,21.72,0,1124.7
"TXC_9","control",218,2026-02-28 12:41:59.545658,2026-02-28 12:42:01.421693,1.9,1,0,0,0,0,0,0,3.72,0,3131.9
"TXC_9","control",219,2026-02-28 12:55:27.77682,2026-02-28 13:02:27.92415,420.1,0,0,0,0,0,21.714,1,59.04,0,1199
"TXC_9","control",220,2026-02-28 13:02:24.656736,2026-02-28 13:02:25.156736,0.5,1,0,0,0,0,4.164,0,0.36,0,2187.4
"TXC_9","control",221,2026-02-28 13:17:49.602372,2026-02-28 13:17:55.033064,5.4,1,0,0,0,0,0.384,0,2.28,0,6213.1
"TXC_9","control",222,2026-02-28 13:27:56.34883,2026-02-28 13:31:39.122859,222.8,0,0,0,0,0,0,0,6.06,0,1402.3
"TXC_9","control",223,2026-02-28 13:40:54.771081,2026-02-28 13:41:01.910297,7.1,0,0,0,0,1,4.92,0,56.64,0,3007.1
"TXC_9","control",224,2026-02-28 13:59:42.823341,2026-02-28 13:59:47.199017,4.4,1,0,0,0,0,1.062,0,2.82,0,1297.3
"TXC_9","control",225,2026-02-28 14:01:28.624719,2026-02-28 14:01:40.536893,11.9,0,0,0,0,0,12.888,0,28.86,1,7453.8
"TXC_9","control",226,2026-02-28 14:24:42.422631,2026-02-28 14:26:04.411225,82,0,0,0,0,0,35.55,0,12.48,0,2259.2
"TXC_9","control",227,2026-02-28 14:47:48.353576,2026-02-28 14:47:52.320839,4,1,0,0,0,0,7.23,0,2.7,0,2397.2
"TXC_9","control",228,2026-02-28 15:07:24.608552,2026-02-28 15:07:26.316482,1.7,1,0,0,0,0,2.778,0,3.72,0,5086.7
"TXC_9","control",229,2026-02-28 15:11:05.687518,2026-02-28 15:15:12.930687,247.2,0,0,0,0,0,41.772,0,19.92,0,1410.6
"TXC_9","control",230,2026-02-28 16:13:00.830976,2026-02-28 16:13:48.18317,47.4,0,0,0,0,0,6.288,0,13.5,0,1977.8
"TXC_9","control",231,2026-02-28 16:22:25.345737,2026-02-28 16:22:28.930762,3.6,1,0,0,0,0,0.582,0,1.8,0,1404.7
"TXC_9","control",232,2026-02-28 17:56:46.6341,2026-02-28 17:59:04.31479,137.7,0,0,0,0,0,49.512,0,27.06,0,1100.6
"TXC_9","control",233,2026-02-28 18:30:29.399794,2026-02-28 18:30:34.982359,5.6,1,0,0,0,0,1.074,0,2.1,0,1667.6
"TXC_9","control",234,2026-02-28 18:59:10.844087,2026-02-28 18:59:24.347457,13.5,0,0,0,0,0,20.628,0,9.42,0,1751.1
"TXC_9","control",235,2026-02-28 19:03:36.73661,2026-02-28 19:03:37.300708,0.6,1,0,0,0,0,0.558,0,5.28,0,1699.8
"TXC_9","control",236,2026-02-28 19:18:48.452164,2026-02-28 19:18:49.040227,0.6,1,0,0,0,0,1.356,0,7.38,0,1266.7
"TXC_9","control",237,2026-02-28 19:20:13.667091,2026-02-28 19:24:04.146277,230.5,0,0,0,0,0,25.884,0,39.24,0,1605.1
"TXC_9","control",238,2026-02-28 19:22:27.854434,2026-02-28 19:33:05.66339,637.8,0,0,0,0,0,9.306,0,57.66,0,2689.9
"TXC_9","control",239,2026-02-28 19:31:00.270665,2026-02-28 19:38:09.034623,428.8,0,0,0,0,0,9.372,0,8.4,0,2179.8
"TXC_9","control",240,2026-02-28 19:38:59.829178,2026-02-28 19:39:04.133182,4.3,1,0,0,0,0,4.5,0,1.32,0,1572.9
"TXC_9","control",241,2026-02-28 19:41:39.974819,2026-02-28 19:41:47.859093,7.9,1,0,0,0,0,0.768,0,0.3,0,1155.8
"TXC_9","control",242,2026-02-28 20:11:45.058873,2026-02-28 20:14:24.986265,159.9,0,0,0,0,0,31.314,0,55.44,0,1882.2
"TXC_9","control",243,2026-02-28 20:22:32.096864,2026-02-28 20:22:34.411001,2.3,1,0,0,0,0,1.2,0,1.92,0,1885.8
"TXC_9","control",244,2026-02-28 20:54:08.591325,2026-02-28 21:00:14.070699,365.5,0,0,0,0,0,51.852,0,59.82,0,5198.1
"TXC_9","control",245,2026-02-28 21:34:28.490732,2026-02-28 21:34:29.366263,0.9,1,0,0,0,0,0.144,0,0.12,0,2298.4
"TXC_9","control",246,2026-02-28 21:39:11.679399,2026-02-28 21:44:01.604279,289.9,0,1,0,0,0,0,0,11.88,0,1162.9
"TXC_9","control",247,2026-02-28 22:45:39.876013,2026-02-28 22:46:41.626758,61.8,0,0,0,0,0,7.506,0,32.34,0,2119.9
"TXC_9","control",248,2026-02-28 22:49:37.194581,2026-02-28 22:54:13.997081,276.8,0,0,1,0,0,24.918,0,14.82,0,1142.5
"TXC_9","control",249,2026-03-01 00:40:34.246764,2026-03-01 00:43:17.642879,163.4,0,0,0,0,0,8.148,0,55.14,0,1395.3
"TXC_9","control",250,2026-03-01 06:40:56.181367,2026-03-01 06:41:36.108263,39.9,0,0,0,0,0,43.098,0,1.8,0,1399.6
"TXC_9","control",251,2026-03-01 08:06:08.195904,2026-03-01 08:10:49.730303,281.5,0,0,0,0,0,8.202,0,10.74,0,1707.1
"TXC_9","control",252,2026-03-01 08:08:11.370452,2026-03-01 08:10:16.05757,124.7,0,0,0,0,0,26.544,0,46.98,0,1346.2
"TXC_9","control",253,2026-03-01 08:22:56.527691,2026-03-01 08:27:20.355223,263.8,0,0,0,0,0,26.382,0,31.44,1,1465.9
"TXC_9","control",254,2026-03-01 08:31:58.75931,2026-03-01 08:32:15.311278,16.6,0,0,0,0,0,13.872,0,25.14,1,1580.7
"TXC_9","control",255,2026-03-01 08:43:59.50517,2026-03-01 08:44:40.273236,40.8,0,0,0,0,0,15.414,0,8.76,0,1358.4
"TXC_9","control",256,2026-03-01 08:53:40.43161,2026-03-01 08:55:01.768259,81.3,0,0,0,0,0,22.38,0,35.04,0,1499.4
"TXC_9","control",257,2026-03-01 08:57:54.769619,2026-03-01 08:59:32.372899,97.6,0,0,0,0,0,21.204,0,49.26,0,1464.6
"TXC_9","control",258,2026-03-01 09:14:04.881698,2026-03-01 09:16:05.132976,120.3,0,0,0,0,0,25.65,0,53.22,0,1337.6
"TXC_9","control",259,2026-03-01 09:22:11.818123,2026-03-01 09:22:18.502847,6.7,1,0,0,0,0,0.426,0,4.08,0,1999.5
"TXC_9","control",260,2026-03-01 09:29:32.251482,2026-03-01 09:30:45.809436,73.6,0,0,0,0,0,3.6,0,56.82,0,1279
"TXC_9","control",261,2026-03-01 09:58:07.152198,2026-03-01 09:59:23.836886,76.7,0,0,0,0,0,49.08,0,12.12,0,1342.3
"TXC_9","control",262,2026-03-01 10:02:29.486583,2026-03-01 10:03:30.054327,60.6,0,0,0,0,0,39.798,1,51.66,0,951.3
"TXC_9","control",263,2026-03-01 10:12:56.654877,2026-03-01 10:13:43.883624,47.2,0,0,0,0,0,31.95,0,2.1,0,1742.2
"TXC_9","control",264,2026-03-01 10:27:32.33689,2026-03-01 10:29:24.515364,112.2,0,0,0,0,0,16.62,0,41.7,0,1779.7
"TXC_9","control",265,2026-03-01 10:44:20.831601,2026-03-01 10:46:51.422982,150.6,0,0,0,0,0,48.984,0,29.76,0,1179
"TXC_9","control",266,2026-03-01 11:01:38.538727,2026-03-01 11:01:43.998979,5.5,1,0,0,0,0,1.722,0,12,0,2056.7
"TXC_9","control",267,2026-03-01 11:02:02.280581,2026-03-01 11:02:12.416571,10.1,0,0,0,0,0,9.42,0,31.38,0,1228.9
"TXC_9","control",268,2026-03-01 11:04:23.052902,2026-03-01 11:05:12.256866,49.2,0,0,0,0,0,10.62,0,15.84,0,939.1
"TXC_9","control",269,2026-03-01 11:20:21.242655,2026-03-01 11:23:38.601915,197.4,0,0,0,0,0,20.55,0,7.68,0,1591.4
"TXC_9","control",270,2026-03-01 11:29:27.435991,2026-03-01 11:31:38.489617,131.1,0,1,0,0,0,11.838,0,54.3,0,3260.4
"TXC_9","control",271,2026-03-01 12:31:20.658578,2026-03-01 12:31:40.05131,19.4,0,0,0,0,0,21.588,1,2.94,0,2780.3
"TXC_9","control",272,2026-03-01 13:20:32.315008,2026-03-01 13:20:43.370394,11.1,0,0,0,0,1,8.736,0,23.22,0,2381.3
"TXC_9","control",273,2026-03-01 13:30:50.735251,2026-03-01 13:41:26.67064,635.9,0,0,0,0,0,13.02,0,22.32,0,2421.6
"TXC_9","control",274,2026-03-01 13:31:38.171787,2026-03-01 13:32:18.631263,40.5,0,0,0,0,0,39.324,0,1.44,0,3918.9
"TXC_9","control",275,2026-03-01 14:05:39.636011,2026-03-01 14:11:20.371755,340.7,0,0,0,0,0,18.156,0,13.56,0,1176.1
"TXC_9","control",276,2026-03-01 14:24:29.677437,2026-03-01 14:25:03.675247,34,0,0,0,0,0,53.496,0,6.12,0,1000
"TXC_9","control",277,2026-03-01 14:28:06.876641,2026-03-01 14:31:25.898248,199,0,0,0,0,0,20.112,1,16.38,0,1048.7
"TXC_9","control",278,2026-03-01 14:28:40.142443,2026-03-01 14:29:04.731305,24.6,0,0,0,0,0,17.088,0,0.48,0,1485.8
"TXC_9","control",279,2026-03-01 14:59:09.804235,2026-03-01 15:00:19.503957,69.7,0,0,0,0,0,6.606,0,6.48,0,1267.5
"TXC_9","control",280,2026-03-01 15:31:36.624917,2026-03-01 15:37:14.520728,337.9,0,0,0,0,0,45.864,0,51,1,883.3
"TXC_9","control",281,2026-03-01 16:01:16.704137,2026-03-01 16:03:23.257311,126.6,0,0,0,0,0,5.616,0,47.7,0,3052.2
"TXC_9","control",282,2026-03-01 16:04:10.87181,2026-03-01 16:04:13.086143,2.2,1,0,0,0,0,0.576,0,0.72,0,1143.1
"TXC_9","control",283,2026-03-01 16:11:14.691278,2026-03-01 16:11:31.805199,17.1,0,0,0,0,0,31.122,0,2.94,0,1476.2
"TXC_9","control",284,2026-03-01 16:50:46.092115,2026-03-01 16:51:11.422888,25.3,0,0,0,0,0,13.404,0,49.32,0,5362.5
"TXC_9","control",285,2026-03-01 17:03:29.868378,2026-03-01 17:04:41.82124,72,0,0,0,0,0,10.362,0,1.32,0,1707.7
"TXC_9","control",286,2026-03-01 18:06:54.122578,2026-03-01 19:28:29.94162,4895.8,0,0,0,0,0,26.316,0,52.5,0,1615.6
"TXC_9","control",287,2026-03-01 19:34:51.862448,2026-03-01 19:35:10.040528,18.2,0,0,0,0,0,32.466,0,1.98,0,1362.9
"TXC_9","control",288,2026-03-01 19:50:32.720853,2026-03-01 19:51:32.038627,59.3,0,0,0,0,1,13.692,0,17.76,0,1854.8
"TXC_9","control",289,2026-03-01 19:53:00.119973,2026-03-01 19:56:14.089786,194,0,0,0,0,0,18.138,0,44.82,0,1296.9
"TXC_9","control",290,2026-03-01 20:00:18.512768,2026-03-01 20:12:29.370305,730.9,0,0,0,0,0,33.63,0,32.4,0,1277.5
"TXC_9","control",291,2026-03-01 20:06:05.976041,2026-03-01 20:06:50.993365,45,0,0,0,0,0,31.848,0,3.96,0,1517.1
"TXC_9","control",292,2026-03-01 20:06:36.000963,2026-03-01 20:06:41.217473,5.2,0,0,0,0,0,56.076,0,57.12,0,1515
"TXC_9","control",293,2026-03-01 20:22:28.517523,2026-03-01 20:22:33.954623,5.4,1,0,0,0,0,2.04,0,0.6,0,1427.9
"TXC_9","control",294,2026-03-01 20:26:20.234291,2026-03-01 20:27:08.732378,48.5,0,0,0,0,0,9.192,0,54.78,0,973.3
"TXC_9","control",295,2026-03-01 20:36:31.488127,2026-03-01 20:38:01.288666,89.8,0,0,0,0,0,9.468,0,6.42,0,1827.8
"TXC_9","control",296,2026-03-01 21:01:01.547041,2026-03-01 21:02:03.585226,62,0,0,0,0,0,9.516,0,35.1,0,1135.9
"TXC_9","control",297,2026-03-01 21:04:24.89967,2026-03-01 21:06:30.105602,125.2,0,0,0,0,0,29.418,0,37.68,0,912.3
"TXC_9","control",298,2026-03-01 21:15:41.884571,2026-03-01 21:24:21.201392,519.3,0,0,0,0,0,47.934,1,58.08,0,1561.5
"TXC_9","control",299,2026-03-01 21:30:29.11448,2026-03-01 21:33:07.874173,158.8,0,0,1,0,0,10.758,0,43.38,0,1670.9
"TXC_9","control",300,2026-03-01 22:39:55.516243,2026-03-01 22:43:25.355486,209.8,0,0,0,0,0,18.348,0,38.4,0,1748.1
"TXC_9","control",301,2026-03-01 23:01:50.193884,2026-03-01 23:10:28.204955,518,0,0,0,0,0,42.96,0,55.32,0,1701.8
"TXC_9","control",303,2026-03-02 07:05:04.661279,2026-03-02 07:06:44.145318,99.5,0,0,0,0,0,51.528,0,12.84,0,1665.3
"TXC_9","control",304,2026-03-02 07:16:25.245437,2026-03-02 07:17:19.247179,54,0,0,0,0,0,0,0,5.34,0,1083.2
"TXC_9","control",305,2026-03-02 07:47:57.656657,2026-03-02 07:48:11.466414,13.8,0,0,0,0,0,13.584,0,54.3,0,1951.4
"TXC_9","control",306,2026-03-02 08:02:02.093719,2026-03-02 08:06:42.921799,280.8,0,0,0,0,0,26.508,0,17.22,0,3346.3
"TXC_9","control",307,2026-03-02 08:29:27.082261,2026-03-02 08:32:19.683848,172.6,0,0,0,0,1,23.352,1,14.34,0,1567.8
"TXC_9","control",308,2026-03-02 08:58:14.536018,2026-03-02 09:02:01.821854,227.3,0,0,0,0,0,24.438,0,7.44,0,1263.2
"TXC_9","control",309,2026-03-02 09:05:15.176846,2026-03-02 09:05:25.423206,10.2,0,0,0,0,0,8.694,0,1.68,0,1013.7
"TXC_9","control",310,2026-03-02 09:09:47.964141,2026-03-02 09:10:08.356996,20.4,0,0,0,0,0,2.694,0,51.48,0,3992.1
"TXC_9","control",311,2026-03-02 10:20:00.30275,2026-03-02 10:22:08.241917,127.9,0,0,0,0,0,14.208,0,12.36,0,1629.1
"TXC_9","control",312,2026-03-02 10:21:55.122264,2026-03-02 10:23:14.475837,79.4,0,0,0,0,0,11.826,1,23.76,0,1357.2
"TXC_9","control",313,2026-03-02 10:42:56.909988,2026-03-02 10:50:08.800428,431.9,0,0,0,0,0,27.6,0,14.34,0,1319.4
"TXC_9","control",314,2026-03-02 10:58:36.106765,2026-03-02 11:00:04.36216,88.3,0,0,0,0,0,8.262,0,28.26,0,3558.1
"TXC_9","control",315,2026-03-02 11:04:33.963243,2026-03-02 11:07:35.177933,181.2,0,0,0,0,0,15.24,0,51.12,0,1987.1
"TXC_9","control",316,2026-03-02 11:13:22.574578,2026-03-02 11:35:32.82504,1330.3,0,0,0,0,0,47.04,0,28.62,0,1950.3
"TXC_9","control",317,2026-03-02 11:22:33.647751,2026-03-02 11:22:36.211591,2.6,1,0,0,0,0,0.324,0,4.8,0,999.5
"TXC_9","control",318,2026-03-02 11:44:09.110489,2026-03-02 11:47:23.816654,194.7,0,0,0,1,0,9.588,0,9.96,0,1847
"TXC_9","control",319,2026-03-02 11:45:21.75238,2026-03-02 11:45:45.559388,23.8,0,0,0,0,0,30.684,0,32.04,0,1845.4
"TXC_9","control",320,2026-03-02 12:22:08.821258,2026-03-02 12:22:20.842206,12,0,0,0,0,0,46.464,0,50.76,0,1599.2
"TXC_9","control",321,2026-03-02 12:22:52.731621,2026-03-02 12:23:19.814511,27.1,0,0,0,0,0,27,0,14.1,0,1435.3
"TXC_9","control",322,2026-03-02 12:43:17.926625,2026-03-02 12:48:18.985858,301.1,0,0,1,0,0,19.278,0,54.12,0,1479.1
"TXC_9","control",323,2026-03-02 12:58:39.315954,2026-03-02 13:03:00.030348,260.7,0,0,0,0,0,14.604,0,10.8,0,1194.1
"TXC_9","control",324,2026-03-02 13:21:05.060697,2026-03-02 13:21:05.880453,0.8,1,0,0,0,0,1.002,0,0.6,0,1801.3
"TXC_9","control",325,2026-03-02 14:09:39.830242,2026-03-02 14:14:30.818215,291,0,0,0,0,0,44.736,0,47.22,0,1624.5
"TXC_9","control",326,2026-03-02 14:33:31.681981,2026-03-02 14:33:46.029285,14.3,0,0,0,0,0,10.5,0,11.76,0,2748
"TXC_9","control",327,2026-03-02 14:41:57.820354,2026-03-02 14:42:04.74662,6.9,1,0,0,0,0,2.286,0,4.92,0,1701.7
"TXC_9","control",328,2026-03-02 15:07:20.298296,2026-03-02 15:09:55.368303,155.1,0,0,0,0,0,16.482,1,36.84,0,1190.8
"TXC_9","treatment",330,2026-03-02 15:13:56.468406,2026-03-02 15:14:00.085442,3.6,1,0,0,0,0,1.06,0,9.9,0,1639.7
"TXC_9","treatment",331,2026-03-02 15:14:36.560122,2026-03-02 15:17:52.942929,196.4,0,0,0,0,0,72.71,1,0.9,0,3010.1
"TXC_9","treatment",332,2026-03-02 15:21:09.793374,2026-03-02 15:22:31.077474,81.3,0,0,0,0,0,63.95,0,1.8,0,1288
"TXC_9","treatment",333,2026-03-02 15:43:40.264464,2026-03-02 15:43:57.542494,17.3,0,0,0,0,0,31.23,0,40.1,0,1621
"TXC_9","treatment",334,2026-03-02 15:50:20.061571,2026-03-02 15:57:42.208404,442.1,0,0,0,0,0,43.06,1,76.7,0,2138.6
"TXC_9","treatment",335,2026-03-02 15:52:42.880088,2026-03-02 15:53:40.166262,57.3,0,0,0,0,0,30.25,0,5.3,0,1651.3
"TXC_9","treatment",336,2026-03-02 15:59:37.204194,2026-03-02 16:00:28.190482,51,0,0,0,0,0,6.05,0,21,0,1566.6
"TXC_9","treatment",337,2026-03-02 16:21:26.749374,2026-03-02 16:21:57.45697,30.7,0,0,0,0,0,13.89,0,14.3,0,1435.9
"TXC_9","treatment",338,2026-03-02 16:31:07.822123,2026-03-02 16:32:06.18822,58.4,0,0,0,0,0,8.5,0,9.2,0,2029.4
"TXC_9","treatment",339,2026-03-02 16:37:58.739186,2026-03-02 16:40:02.503393,123.8,0,0,1,0,0,29.44,0,27.2,0,1776.3
"TXC_9","treatment",340,2026-03-02 16:39:45.308855,2026-03-02 16:41:55.899124,130.6,0,0,1,0,0,18.64,0,5.9,0,1130.1
"TXC_9","treatment",341,2026-03-02 16:45:14.683049,2026-03-02 16:52:48.632863,453.9,0,0,0,0,0,5.9,0,61.8,0,2085.2
"TXC_9","treatment",342,2026-03-02 16:50:51.807755,2026-03-02 16:50:53.187666,1.4,1,0,0,0,0,0.41,0,22.8,0,1739
"TXC_9","treatment",343,2026-03-02 16:59:34.60677,2026-03-02 16:59:49.945816,15.3,0,0,0,0,0,62.58,0,90.8,0,2401.8
"TXC_9","treatment",344,2026-03-02 17:24:10.252558,2026-03-02 17:24:56.515503,46.3,0,0,1,0,0,29.25,1,77,0,2388.4
"TXC_9","treatment",345,2026-03-02 17:50:39.150437,2026-03-02 17:50:44.897636,5.7,1,0,0,0,0,3.05,0,3.6,0,1786.3
"TXC_9","treatment",346,2026-03-02 19:00:18.852972,2026-03-02 19:02:02.437759,103.6,0,0,0,0,0,52.92,0,16.2,0,1367.7
"TXC_9","treatment",347,2026-03-02 19:11:54.14212,2026-03-02 19:13:26.269274,92.1,0,0,0,0,0,30.75,0,2,0,1238.5
"TXC_9","treatment",348,2026-03-02 19:35:39.482105,2026-03-02 19:35:51.730594,12.2,0,0,1,0,0,50.38,0,85.3,0,1742.9
"TXC_9","treatment",349,2026-03-02 19:56:52.189827,2026-03-02 19:58:55.412176,123.2,0,0,0,0,0,13.28,0,0,0,874.8
"TXC_9","treatment",350,2026-03-02 20:08:05.796976,2026-03-02 20:25:13.361588,1027.6,0,0,0,0,0,16.5,0,17.4,0,1718.1
"TXC_9","treatment",351,2026-03-02 20:18:13.149928,2026-03-02 20:37:55.482811,1182.3,0,0,0,1,0,87.58,0,80.9,0,1244.7
"TXC_9","treatment",352,2026-03-02 20:23:59.636361,2026-03-02 20:27:21.649812,202,0,1,0,0,0,26.79,0,36.3,0,1854.7
"TXC_9","treatment",353,2026-03-02 20:31:30.322953,2026-03-02 20:47:47.000424,976.7,0,0,0,0,0,6,0,92,0,3059.5
"TXC_9","treatment",354,2026-03-02 21:00:06.027024,2026-03-02 21:02:30.691053,144.7,0,0,1,0,0,19.41,0,88.3,0,1540.4
"TXC_9","treatment",355,2026-03-02 21:14:06.408726,2026-03-02 21:14:15.745592,9.3,0,0,0,0,0,40.64,0,59.6,0,2205.8
"TXC_9","treatment",356,2026-03-02 21:45:32.681356,2026-03-02 21:50:20.413919,287.7,0,0,0,0,0,15.02,0,90.9,0,1727.7
"TXC_9","treatment",357,2026-03-02 21:55:59.365102,2026-03-02 21:57:32.840859,93.5,0,0,0,0,0,18.72,0,10.6,0,1213.6
"TXC_9","treatment",358,2026-03-02 21:57:01.459173,2026-03-02 21:58:35.050787,93.6,0,0,0,0,0,10.84,0,76.6,0,2970.4
"TXC_9","treatment",359,2026-03-02 22:06:25.651747,2026-03-02 22:07:32.363747,66.7,0,0,0,0,0,33.89,0,39.8,0,1455.3
"TXC_9","treatment",360,2026-03-02 22:38:02.617941,2026-03-02 22:38:54.007675,51.4,0,0,0,0,0,16.98,1,63.6,1,1621.6
"TXC_9","treatment",361,2026-03-02 22:45:19.182803,2026-03-02 22:45:28.644431,9.5,0,0,0,0,0,10.76,0,80.7,1,1192.4
"TXC_9","treatment",362,2026-03-02 22:47:27.169034,2026-03-02 22:48:59.935288,92.8,0,0,0,0,0,27.18,0,36.4,0,3454.5
"TXC_9","treatment",363,2026-03-02 22:55:43.57998,2026-03-02 22:55:46.003751,2.4,0,0,0,0,0,20.26,0,78.1,0,1606.2
"TXC_9","treatment",551,2026-03-03 03:00:12.151639,2026-03-03 03:01:08.291722,56.1,0,0,1,0,0,54.23,0,15,0,1355.1
"TXC_9","control",539,2026-03-03 03:00:45.247053,2026-03-03 03:04:40.179051,234.9,0,0,0,0,0,31.98,0,55.2,0,1950.7
"TXC_9","treatment",540,2026-03-03 03:02:11.076418,2026-03-03 03:07:20.857028,309.8,0,0,0,0,0,86.85,0,20.9,0,1775.8
"TXC_9","control",565,2026-03-03 03:02:35.711349,2026-03-03 03:03:33.438075,57.7,0,0,0,0,1,45.73,1,40.4,0,1215.8
"TXC_9","treatment",605,2026-03-03 03:03:13.773542,2026-03-03 03:06:57.018466,223.2,0,0,0,0,0,3.81,0,84.7,0,2233.8
"TXC_9","control",508,2026-03-03 03:03:53.28412,2026-03-03 03:06:16.204932,142.9,0,0,0,0,0,9.82,0,24.4,0,2603.1
"TXC_9","treatment",648,2026-03-03 03:04:53.251467,2026-03-03 03:04:59.557726,6.3,1,0,0,0,0,0.98,0,3,0,2321.6
"TXC_9","control",582,2026-03-03 03:04:57.824129,2026-03-03 03:05:01.270548,3.4,1,0,0,0,0,1.5,0,4,0,1084.1
"TXC_9","treatment",543,2026-03-03 03:05:08.487397,2026-03-03 03:05:14.442816,6,0,0,0,0,0,30.28,1,62.1,0,1186.3
"TXC_9","treatment",514,2026-03-03 03:05:19.238194,2026-03-03 03:06:09.114196,49.9,0,0,0,0,0,47.98,0,28.1,0,1673.2
"TXC_9","treatment",575,2026-03-03 03:05:40.325851,2026-03-03 04:40:08.120759,5667.8,0,0,0,0,0,14.53,0,69.4,0,1851
"TXC_9","treatment",507,2026-03-03 03:05:51.446538,2026-03-03 03:06:48.712692,57.3,0,0,0,0,0,41.14,0,39.5,0,4316.1
"TXC_9","control",623,2026-03-03 03:07:03.546033,2026-03-03 03:07:38.825238,35.3,0,0,0,0,0,16.07,0,95.6,0,2301.1
"TXC_9","control",592,2026-03-03 03:07:20.177981,2026-03-03 03:28:08.8398,1248.7,0,0,0,0,0,17.25,1,60.3,1,1016.2
"TXC_9","control",512,2026-03-03 03:07:22.634409,2026-03-03 03:07:28.246894,5.6,1,0,0,0,0,6.68,0,2.1,0,1574.5
"TXC_9","treatment",541,2026-03-03 03:09:19.595628,2026-03-03 03:14:54.198551,334.6,0,0,0,0,0,3.72,0,92.7,0,1959.3
"TXC_9","control",542,2026-03-03 03:09:57.953522,2026-03-03 03:11:05.320137,67.4,0,0,0,0,0,44.85,0,13.7,0,1290.3
"TXC_9","treatment",579,2026-03-03 03:10:32.508981,2026-03-03 03:10:37.286109,4.8,0,0,0,0,0,33.42,1,14,0,1361.8
"TXC_9","control",537,2026-03-03 03:11:01.770355,2026-03-03 03:11:07.70039,5.9,1,0,0,0,0,2.74,0,10.3,0,1781.2
"TXC_9","control",550,2026-03-03 03:11:09.458,2026-03-03 03:13:14.075144,124.6,0,0,0,0,0,40.66,0,73.9,0,5642.9
"TXC_9","treatment",643,2026-03-03 03:11:46.667187,2026-03-03 03:11:53.108757,6.4,1,0,0,0,0,7.41,0,3.6,0,1948
"TXC_9","treatment",578,2026-03-03 03:11:52.41132,2026-03-03 03:11:54.424037,2,1,0,0,0,0,2.54,0,3.2,0,1250.9
"TXC_9","treatment",549,2026-03-03 03:13:15.512889,2026-03-03 03:13:23.781204,8.3,1,0,0,0,0,1.97,0,8.6,0,2550.9
"TXC_9","control",576,2026-03-03 03:13:33.135576,2026-03-03 03:13:44.714738,11.6,0,0,0,0,0,45.8,0,69.5,0,1160.4
"TXC_9","control",642,2026-03-03 03:13:50.563251,2026-03-03 03:14:30.985082,40.4,0,0,0,0,0,22.12,1,73.2,0,1380.3
"TXC_9","treatment",631,2026-03-03 03:14:09.155661,2026-03-03 03:14:10.328999,1.2,1,0,0,0,0,1.87,0,2,0,1486
"TXC_9","treatment",511,2026-03-03 03:14:45.842672,2026-03-03 03:14:47.305353,1.5,1,0,0,0,0,8.03,0,0.8,0,1597
"TXC_9","treatment",525,2026-03-03 03:14:58.855253,2026-03-03 03:15:07.722696,8.9,1,0,0,0,0,1.71,0,3.8,0,1390.9
"TXC_9","control",593,2026-03-03 03:15:02.330693,2026-03-03 04:42:05.613412,5223.3,0,0,0,0,0,45.41,0,82,0,1542.1
"TXC_9","treatment",584,2026-03-03 03:15:07.888434,2026-03-03 03:15:18.206579,10.3,0,0,0,0,0,2.06,0,24.5,0,1771.2
"TXC_9","control",586,2026-03-03 03:15:25.038716,2026-03-03 03:15:32.151874,7.1,0,0,0,0,0,22.52,0,88.4,0,1604.4
"TXC_9","treatment",624,2026-03-03 03:16:00.748032,2026-03-03 03:16:17.862274,17.1,0,0,0,0,0,13.63,0,10.3,0,2372.1
"TXC_9","control",570,2026-03-03 03:16:11.221144,2026-03-03 03:16:39.466667,28.2,0,0,0,0,0,52.74,0,54.9,0,1537.5
"TXC_9","control",516,2026-03-03 03:16:14.103824,2026-03-03 03:20:14.580564,240.5,0,0,0,0,1,25.54,0,35.5,0,7592.6
"TXC_9","treatment",572,2026-03-03 03:16:21.198514,2026-03-03 03:47:20.308965,1859.1,0,0,0,0,0,46.12,0,21.2,0,2293.2
"TXC_9","control",510,2026-03-03 03:16:36.89284,2026-03-03 03:22:03.327098,326.4,0,0,0,0,0,16.99,1,80.7,0,723.3
"TXC_9","treatment",637,2026-03-03 03:16:36.996912,2026-03-03 03:18:24.053797,107.1,0,0,0,0,0,22.05,0,36.1,0,1306.8
"TXC_9","treatment",556,2026-03-03 03:16:43.750146,2026-03-03 03:25:16.962482,513.2,0,0,0,0,0,5.42,0,83.4,0,16414.7
"TXC_9","control",588,2026-03-03 03:17:09.347296,2026-03-03 03:17:27.237802,17.9,0,0,0,0,0,61.65,0,10.6,0,2035
"TXC_9","treatment",563,2026-03-03 03:17:40.639665,2026-03-03 03:18:04.806827,24.2,0,0,0,0,0,39.68,0,2.5,0,1931.5
"TXC_9","treatment",587,2026-03-03 03:17:51.311835,2026-03-03 03:17:51.811835,0.5,1,0,0,0,0,0.55,0,6.6,0,1708
"TXC_9","control",555,2026-03-03 03:18:15.17091,2026-03-03 03:19:56.589917,101.4,0,0,0,0,0,85.92,0,80.7,0,1845.3
"TXC_9","treatment",534,2026-03-03 03:18:17.383057,2026-03-03 03:18:19.050466,1.7,1,0,0,0,0,7.41,0,3.1,0,1582.4
"TXC_9","control",651,2026-03-03 03:18:24.678508,2026-03-03 03:18:39.341757,14.7,0,0,0,0,0,11.07,0,45.2,0,1164.5
"TXC_9","treatment",521,2026-03-03 03:18:49.76467,2026-03-03 03:20:52.887289,123.1,0,0,0,0,0,71.32,0,59.7,0,9391.3
"TXC_9","control",604,2026-03-03 03:19:37.489203,2026-03-03 03:25:29.957797,352.5,0,0,1,0,0,27.06,0,63.9,0,2478.3
"TXC_9","control",628,2026-03-03 03:20:50.156958,2026-03-03 03:20:59.173769,9,0,0,0,0,0,66.65,0,54,0,1212.4
"TXC_9","control",547,2026-03-03 03:21:16.524574,2026-03-03 03:21:23.246638,6.7,1,0,0,0,0,2.8,0,4.2,0,1356.6
"TXC_9","control",519,2026-03-03 03:21:32.729303,2026-03-03 03:21:41.301558,8.6,1,0,0,0,0,1.53,0,1.7,0,2257.2
"TXC_9","control",614,2026-03-03 03:22:03.362261,2026-03-03 03:23:22.947745,79.6,0,0,1,0,0,39.02,0,13.4,0,1706
"TXC_9","treatment",632,2026-03-03 03:22:11.589089,2026-03-03 03:22:24.699331,13.1,1,0,0,0,0,2.34,0,1.1,0,1714.8
"TXC_9","control",633,2026-03-03 03:22:35.650871,2026-03-03 03:23:02.360495,26.7,0,0,0,0,1,20.94,0,50.9,0,1720.9
"TXC_9","treatment",561,2026-03-03 03:22:36.950058,2026-03-03 03:32:32.504689,595.6,0,0,0,0,0,55.79,0,15.5,0,922
"TXC_9","treatment",619,2026-03-03 03:22:41.709988,2026-03-03 03:22:42.245313,0.5,1,0,0,0,0,1.78,0,5,0,1620.4
"TXC_9","control",517,2026-03-03 03:22:52.225828,2026-03-03 03:25:29.180692,157,0,0,0,0,0,21.54,0,61.5,0,1851.1
"TXC_9","control",569,2026-03-03 03:22:52.302082,2026-03-03 03:30:08.433787,436.1,0,0,0,0,0,23.87,0,3.4,0,2338.7
"TXC_9","control",524,2026-03-03 03:22:55.379352,2026-03-03 03:22:55.879352,0.5,1,0,0,0,0,0.21,0,3.5,0,1540
"TXC_9","control",607,2026-03-03 03:23:46.914742,2026-03-03 03:28:15.629125,268.7,0,0,0,0,0,3.82,0,12.8,0,4236.3
"TXC_9","control",636,2026-03-03 03:23:57.737183,2026-03-03 05:13:49.429906,6591.7,0,0,0,0,0,41.24,0,98.4,0,6136.9
"TXC_9","control",610,2026-03-03 03:24:04.675277,2026-03-03 03:24:42.59485,37.9,0,0,0,0,0,14.01,0,52.3,0,1750.6
"TXC_9","treatment",591,2026-03-03 03:25:14.440656,2026-03-03 03:25:18.300957,3.9,1,0,0,0,0,3.84,0,11.9,0,2510.2
"TXC_9","treatment",600,2026-03-03 03:25:36.779197,2026-03-03 03:38:33.376196,776.6,0,0,0,0,0,34.78,0,33.2,0,1743.8
"TXC_9","treatment",513,2026-03-03 03:26:03.375094,2026-03-03 03:26:05.235228,1.9,1,0,0,0,0,3.63,0,15.7,0,3923.2
"TXC_9","treatment",528,2026-03-03 03:26:48.262994,2026-03-03 03:27:52.218682,64,0,0,0,0,0,24.43,0,83.5,0,1799
"TXC_9","control",627,2026-03-03 03:26:59.149726,2026-03-03 03:33:10.581766,371.4,0,0,0,0,1,17.68,0,5.1,0,1509.5
"TXC_9","control",595,2026-03-03 03:28:31.663626,2026-03-03 03:28:43.083258,11.4,1,0,0,0,0,4.65,0,4.3,0,1041.7
"TXC_9","treatment",589,2026-03-03 03:28:41.398453,2026-03-03 03:35:17.457988,396.1,0,0,0,0,0,59.79,0,31.8,0,1903.7
"TXC_9","control",640,2026-03-03 03:28:53.852962,2026-03-03 03:31:33.797399,159.9,0,0,1,0,0,33.9,0,51.6,0,1722.4
"TXC_9","control",580,2026-03-03 03:29:20.771562,2026-03-03 03:46:02.19193,1001.4,0,0,0,0,0,19.59,0,84.3,0,1149.1
"TXC_9","control",526,2026-03-03 03:30:00.670504,2026-03-03 03:34:26.901002,266.2,0,0,0,0,0,62.21,0,63.7,0,1009.4
"TXC_9","control",601,2026-03-03 03:30:07.009924,2026-03-03 04:00:49.553537,1842.5,0,0,0,0,0,5.92,0,5,0,1272.7
"TXC_9","treatment",571,2026-03-03 03:31:09.21983,2026-03-03 03:31:24.999121,15.8,1,0,0,0,0,2.07,0,3.4,0,1948.5
"TXC_9","control",530,2026-03-03 03:32:49.826223,2026-03-03 03:32:50.326223,0.5,1,0,0,0,0,0.95,0,15.4,0,2263.8
"TXC_9","treatment",653,2026-03-03 03:33:36.059308,2026-03-03 03:33:57.186249,21.1,0,0,0,0,0,90.07,0,21.1,0,1777.5
"TXC_9","treatment",573,2026-03-03 03:33:37.721842,2026-03-03 03:34:28.55049,50.8,0,0,0,0,0,46.52,0,9.9,0,1475.4
"TXC_9","control",606,2026-03-03 03:33:43.442743,2026-03-03 03:34:25.034489,41.6,0,0,0,0,0,28.11,1,97.3,0,1296.8
"TXC_9","control",545,2026-03-03 03:33:52.94123,2026-03-03 03:35:16.462018,83.5,0,0,0,0,0,54.49,0,34.2,0,1266.2
"TXC_9","treatment",594,2026-03-03 03:34:19.433475,2026-03-03 03:34:44.084973,24.7,0,0,0,0,0,24.9,1,73.7,0,2131.3
"TXC_9","treatment",646,2026-03-03 03:34:25.121975,2026-03-03 03:38:26.038017,240.9,0,0,0,0,0,8.11,0,60.6,0,11446.2
"TXC_9","treatment",552,2026-03-03 03:34:51.322027,2026-03-03 03:38:26.862818,215.5,0,0,0,0,0,19.22,0,14.9,0,1423
"TXC_9","control",638,2026-03-03 03:35:02.460673,2026-03-03 03:40:14.98296,312.5,0,0,0,0,0,54.23,0,24.6,0,1591.1
"TXC_9","treatment",617,2026-03-03 03:35:14.017173,2026-03-03 03:39:48.646297,274.6,0,0,0,0,0,59.11,1,75.4,0,1682.7
"TXC_9","treatment",622,2026-03-03 03:35:28.174807,2026-03-03 03:37:01.166848,93,0,0,0,0,0,7.18,0,91.6,0,1035.5
"TXC_9","control",635,2026-03-03 03:35:59.885778,2026-03-03 03:36:00.385778,0.5,1,0,0,0,0,5.16,0,1.1,0,1372.3
"TXC_9","treatment",621,2026-03-03 03:36:14.715806,2026-03-03 03:36:15.215806,0.5,1,0,0,0,0,4.65,0,6.5,0,1781.7
"TXC_9","treatment",603,2026-03-03 03:37:08.657309,2026-03-03 03:38:11.098049,62.4,0,0,0,0,0,3.48,0,69.7,0,1785.9
"TXC_9","control",649,2026-03-03 03:37:24.694025,2026-03-03 03:37:27.100658,2.4,1,0,0,0,0,0.17,0,4.4,0,1652.5
"TXC_9","control",560,2026-03-03 03:37:25.184671,2026-03-03 03:38:03.973019,38.8,0,0,0,0,0,52.06,0,26.9,0,833.8
"TXC_9","control",630,2026-03-03 03:37:35.915563,2026-03-03 03:44:34.116238,418.2,0,0,1,0,0,45.09,0,39,0,1261.9
"TXC_9","control",546,2026-03-03 03:37:38.71339,2026-03-03 03:41:58.326293,259.6,0,0,0,0,0,19.12,0,98,0,1868.1
"TXC_9","control",520,2026-03-03 03:37:52.323521,2026-03-03 03:38:54.021677,61.7,0,0,0,0,0,61.89,0,77.4,0,1496.1
"TXC_9","control",566,2026-03-03 03:38:10.043547,2026-03-03 03:38:46.018772,36,0,0,0,0,0,38.24,0,74.1,0,1273.8
"TXC_9","treatment",602,2026-03-03 03:39:27.052486,2026-03-03 03:39:47.719749,20.7,0,0,0,0,0,33.91,0,40.8,0,2675.4
"TXC_9","control",548,2026-03-03 03:39:28.343969,2026-03-03 03:41:07.209473,98.9,0,0,0,0,0,83.9,0,32.7,0,1915
"TXC_9","control",554,2026-03-03 03:39:36.940283,2026-03-03 04:51:13.598979,4296.7,0,0,0,0,0,0,0,36.8,0,936.4
"TXC_9","treatment",564,2026-03-03 03:39:56.408105,2026-03-03 03:39:57.148993,0.7,1,0,0,0,0,7.91,0,3.5,0,2127
"TXC_9","control",626,2026-03-03 03:40:08.266053,2026-03-03 03:40:26.597496,18.3,0,0,0,0,0,6.93,0,71.6,0,1501.3
"TXC_9","treatment",538,2026-03-03 03:40:11.774985,2026-03-03 03:40:22.42341,10.6,1,0,0,0,0,2.37,0,3.5,0,1189.7
"TXC_9","control",650,2026-03-03 03:40:29.16665,2026-03-03 03:40:30.703764,1.5,1,0,0,0,0,1.8,0,1.8,0,1781.2
"TXC_9","treatment",558,2026-03-03 03:40:49.093296,2026-03-03 03:40:58.5286,9.4,0,0,0,0,0,60.02,0,1.5,0,3561.4
"TXC_9","control",509,2026-03-03 03:41:05.796706,2026-03-03 03:42:30.691611,84.9,0,0,0,1,0,23.65,0,34.1,0,2199.3
"TXC_9","treatment",609,2026-03-03 03:41:12.628555,2026-03-03 03:45:35.431682,262.8,0,0,0,0,0,12.6,0,88.1,0,1027.5
"TXC_9","treatment",629,2026-03-03 03:41:20.061333,2026-03-03 03:49:12.915678,472.9,0,0,0,0,0,54.38,0,29.2,1,1894.5
"TXC_9","treatment",585,2026-03-03 03:42:29.434762,2026-03-03 03:53:18.79155,649.4,0,0,0,0,0,22,0,66.1,0,1551.6
"TXC_9","treatment",562,2026-03-03 03:42:52.111674,2026-03-03 04:17:05.136939,2053,0,0,0,0,0,23.39,0,54.3,0,2219.8
"TXC_9","treatment",647,2026-03-03 03:43:08.579155,2026-03-03 03:44:38.491827,89.9,0,0,0,0,0,50.54,0,4.2,0,1621.9
"TXC_9","control",557,2026-03-03 03:43:12.529447,2026-03-03 03:44:32.498508,80,0,0,0,0,0,10.7,1,76.4,0,5302.6
"TXC_9","treatment",532,2026-03-03 03:43:12.743402,2026-03-03 03:43:13.243402,0.5,1,0,0,0,0,0.46,0,2.8,0,1635.6
"TXC_9","control",634,2026-03-03 03:43:26.232273,2026-03-03 03:43:59.776196,33.5,0,0,0,0,0,24.08,0,59.5,0,1254.1
"TXC_9","control",533,2026-03-03 03:43:30.403843,2026-03-03 03:43:31.039165,0.6,1,0,0,0,0,2.03,0,3.1,0,1081.9
"TXC_9","treatment",568,2026-03-03 03:44:28.869201,2026-03-03 03:50:16.121267,347.3,0,0,0,0,0,32.05,0,27.3,0,2194.6
"TXC_9","treatment",652,2026-03-03 03:44:34.17088,2026-03-03 03:44:45.226336,11.1,0,0,0,0,0,86.05,0,2.2,0,1602.5
"TXC_9","treatment",536,2026-03-03 03:44:35.723108,2026-03-03 03:50:44.558727,368.8,0,0,0,0,0,92.18,0,14.6,0,1502.4
"TXC_9","control",608,2026-03-03 03:44:35.878865,2026-03-03 03:44:41.328635,5.4,1,0,0,0,0,0.12,0,6.9,0,1489.9
"TXC_9","control",559,2026-03-03 03:44:59.369028,2026-03-03 03:47:17.228913,137.9,0,0,0,0,0,11.45,0,88.5,0,1475.7
"TXC_9","control",641,2026-03-03 03:45:57.699801,2026-03-03 03:48:07.151442,129.5,0,0,0,0,0,14.44,0,90.5,0,2312.5
"TXC_9","control",531,2026-03-03 03:46:15.201644,2026-03-03 03:46:39.062103,23.9,0,0,0,0,0,13.05,0,84.3,0,1245.3
"TXC_9","control",577,2026-03-03 03:46:20.977997,2026-03-03 05:40:18.171166,6837.2,0,0,0,0,0,26.72,0,87.5,0,1402.4
"TXC_9","treatment",598,2026-03-03 03:46:48.901771,2026-03-03 03:58:32.129004,703.2,0,0,0,0,0,12.95,0,95.2,0,3636
"TXC_9","control",616,2026-03-03 03:46:53.561868,2026-03-03 03:49:45.291844,171.7,0,0,0,0,0,13.69,0,31.2,0,1254.9
"TXC_9","control",581,2026-03-03 03:47:07.406961,2026-03-03 03:48:15.848859,68.4,0,0,0,0,0,22.95,0,95.9,0,1517.5
"TXC_9","treatment",612,2026-03-03 03:47:22.810246,2026-03-03 03:47:57.68258,34.9,0,0,0,0,0,51.65,0,11.7,0,2466.7
"TXC_9","control",654,2026-03-03 03:47:33.929261,2026-03-03 03:47:52.925228,19,0,0,0,1,0,20.78,0,16.6,1,1186.2
"TXC_9","treatment",583,2026-03-03 03:47:42.949001,2026-03-03 03:48:27.758394,44.8,0,0,0,0,0,8.61,0,48.1,0,1425.6
"TXC_9","control",599,2026-03-03 03:47:52.599557,2026-03-03 03:48:26.872041,34.3,0,0,0,0,0,98.18,0,86.3,0,2406.7
"TXC_9","treatment",620,2026-03-03 03:48:25.383402,2026-03-03 03:48:38.37141,13,0,0,0,0,0,15.44,0,7.5,0,1461.2
"TXC_9","control",574,2026-03-03 03:48:27.750526,2026-03-03 03:48:36.004459,8.3,0,0,0,0,0,72.68,0,88.1,0,1448.9
"TXC_9","treatment",639,2026-03-03 03:49:07.900921,2026-03-03 03:49:14.487144,6.6,1,0,0,0,0,3.73,0,3.8,0,1616.9
"TXC_9","control",618,2026-03-03 03:50:03.773035,2026-03-03 03:50:05.262608,1.5,1,0,0,0,0,0.34,0,2.6,0,2212.6
"TXC_9","treatment",615,2026-03-03 03:50:45.30617,2026-03-03 03:55:01.678724,256.4,0,0,0,0,0,75.98,0,71,0,2134.2
"TXC_9","control",553,2026-03-03 03:50:52.272246,2026-03-03 03:51:06.793276,14.5,0,0,1,0,0,40.99,0,41.2,0,2763.9
"TXC_9","control",527,2026-03-03 03:51:09.478422,2026-03-03 04:53:14.974369,3725.5,0,0,1,0,0,90.4,0,0.2,0,1707.6
"TXC_9","control",515,2026-03-03 03:52:22.038175,2026-03-03 03:57:52.182986,330.1,0,0,0,0,0,69.85,0,2,0,1254.1
"TXC_9","control",522,2026-03-03 03:53:03.884098,2026-03-03 03:54:19.505363,75.6,0,0,0,0,0,47.29,0,2,0,1732
"TXC_9","control",613,2026-03-03 03:53:09.356687,2026-03-03 04:02:42.083248,572.7,0,0,0,0,0,23.98,1,30.1,0,1234.1
"TXC_9","control",596,2026-03-03 03:53:24.249142,2026-03-03 03:53:24.991777,0.7,1,0,0,0,0,0.64,0,1,0,992.4
"TXC_9","control",590,2026-03-03 03:53:38.414775,2026-03-03 03:54:36.989913,58.6,0,0,0,0,0,36.13,0,29.3,0,4018.3
"TXC_9","control",645,2026-03-03 03:54:05.51902,2026-03-03 03:54:24.549419,19,0,0,0,0,0,9.62,1,27.3,0,1659.6
"TXC_9","treatment",625,2026-03-03 03:54:23.83896,2026-03-03 04:00:42.065091,378.2,0,0,0,0,0,44.58,0,5.6,0,1234.2
"TXC_9","control",535,2026-03-03 03:54:31.515009,2026-03-03 03:54:57.999235,26.5,0,0,0,0,1,24.88,1,97.6,0,1111.8
"TXC_9","control",611,2026-03-03 03:55:17.982383,2026-03-03 05:26:22.142047,5464.2,0,0,0,0,0,47.45,0,1.5,0,1828.2
"TXC_9","treatment",506,2026-03-03 03:55:26.324788,2026-03-03 03:56:15.713219,49.4,0,0,0,0,0,70.15,0,87.5,0,1825.6
"TXC_9","treatment",523,2026-03-03 03:55:51.333507,2026-03-03 03:56:56.772532,65.4,0,0,0,0,0,15.14,0,18.5,0,2499.2
"TXC_9","treatment",529,2026-03-03 03:56:00.006148,2026-03-03 04:06:26.275373,626.3,0,0,1,0,0,42.74,0,11.5,0,1771.9
"TXC_9","treatment",567,2026-03-03 03:56:48.303092,2026-03-03 03:57:56.386933,68.1,0,0,0,0,0,12.89,0,29.7,0,3633.4
"TXC_9","control",518,2026-03-03 03:57:51.476975,2026-03-03 03:59:13.19121,81.7,0,0,0,0,0,80.44,0,54.1,0,2307.9
"TXC_9","treatment",644,2026-03-03 03:58:08.896827,2026-03-03 03:58:16.057903,7.2,0,0,0,0,0,8.78,1,9,0,1088.9
"TXC_9","treatment",544,2026-03-03 03:58:34.490535,2026-03-03 04:53:13.538737,3279,0,0,0,0,0,13.6,0,0.1,0,1873
"TXC_9","treatment",597,2026-03-03 03:59:06.906653,2026-03-03 04:02:50.557804,223.7,0,0,0,0,0,46.21,0,30.1,0,10621.5
"TXC_9","treatment",364,2026-03-03 06:06:22.970725,2026-03-03 06:08:14.932285,112,0,0,0,0,0,30.13,0,0.4,0,5729.4
"TXC_9","treatment",365,2026-03-03 08:46:08.608613,2026-03-03 08:47:24.869726,76.3,0,0,0,0,0,30.84,0,44.8,0,3564.7
"TXC_9","treatment",366,2026-03-03 09:18:30.514254,2026-03-03 09:18:38.016205,7.5,1,0,0,0,0,3.54,0,13.5,0,1643.4
"TXC_9","treatment",367,2026-03-03 09:22:19.128705,2026-03-03 09:22:38.421853,19.3,0,0,0,0,0,32.7,0,66.3,0,1830.3
"TXC_9","treatment",368,2026-03-03 09:29:03.61076,2026-03-03 09:29:21.2443,17.6,1,0,0,0,0,0.4,0,1.5,0,2216.2
"TXC_9","treatment",369,2026-03-03 09:40:39.090995,2026-03-03 09:40:39.590995,0.5,1,0,0,0,0,0.57,0,0.1,0,1098
"TXC_9","treatment",370,2026-03-03 09:57:23.506267,2026-03-03 09:58:36.643912,73.1,0,0,0,0,0,5.82,1,81.9,0,3864.2
"TXC_9","treatment",371,2026-03-03 10:23:56.736772,2026-03-03 10:24:04.173158,7.4,1,0,0,0,0,1.82,0,2.5,0,1610.6
"TXC_9","treatment",372,2026-03-03 10:32:36.747631,2026-03-03 10:38:17.808831,341.1,0,0,0,0,0,20.84,0,19,0,2110.2
"TXC_9","treatment",373,2026-03-03 10:34:06.01834,2026-03-03 10:34:32.909715,26.9,0,0,0,0,0,15.04,0,65.7,0,1629.3
"TXC_9","treatment",374,2026-03-03 10:35:16.995082,2026-03-03 10:35:48.342567,31.3,0,0,0,0,0,38.55,0,96.4,1,1409.5
"TXC_9","treatment",375,2026-03-03 10:40:45.215289,2026-03-03 10:41:09.079584,23.9,0,0,0,0,0,47.37,0,6.6,0,1125.5
"TXC_9","treatment",376,2026-03-03 10:44:26.860758,2026-03-03 10:55:45.190483,678.3,0,0,0,0,0,16.07,0,89.9,0,1260.3
"TXC_9","treatment",377,2026-03-03 11:06:37.433283,2026-03-03 11:08:11.584666,94.2,0,0,0,0,0,80.7,0,56.4,0,3197.7
"TXC_9","treatment",378,2026-03-03 11:26:16.247448,2026-03-03 11:27:30.996452,74.7,0,0,0,0,0,72.21,1,88.6,0,1682.4
"TXC_9","treatment",379,2026-03-03 11:28:49.609843,2026-03-03 11:30:28.277706,98.7,0,0,0,0,0,71,0,34.1,0,1279
"TXC_9","treatment",380,2026-03-03 11:34:32.784425,2026-03-03 11:34:33.548013,0.8,1,0,0,0,0,1.16,0,5.2,0,3082.3
"TXC_9","treatment",381,2026-03-03 11:42:18.143337,2026-03-03 11:54:50.694226,752.6,0,0,0,0,0,47.96,1,33,0,2272.9
"TXC_9","treatment",382,2026-03-03 11:46:06.027235,2026-03-03 11:49:24.542204,198.5,0,0,0,0,0,36.93,0,23,0,2410.9
"TXC_9","treatment",383,2026-03-03 11:47:03.794454,2026-03-03 11:47:10.053059,6.3,1,0,0,0,0,1.42,0,1.5,0,2005.4
"TXC_9","treatment",384,2026-03-03 11:55:47.970367,2026-03-03 11:59:27.125087,219.2,0,0,0,0,0,26.82,0,23.1,0,1986.7
"TXC_9","treatment",385,2026-03-03 12:09:26.292402,2026-03-03 12:10:18.989587,52.7,0,0,0,0,0,17.33,0,77,0,1302.4
"TXC_9","treatment",386,2026-03-03 12:10:53.598728,2026-03-03 12:12:24.483411,90.9,0,1,0,0,0,55.25,0,24.9,0,1550.5
"TXC_9","treatment",387,2026-03-03 12:17:51.566869,2026-03-03 12:22:09.141135,257.6,0,0,0,0,0,75.48,0,95.2,0,1429.3
"TXC_9","treatment",388,2026-03-03 13:25:14.322773,2026-03-03 13:25:14.822773,0.5,1,0,0,0,0,7.94,0,0.3,0,1878.8
"TXC_9","treatment",390,2026-03-03 13:38:36.118082,2026-03-03 13:38:58.375797,22.3,0,0,0,0,0,15.88,1,96.4,0,1616.6
"TXC_9","treatment",391,2026-03-03 13:59:57.015942,2026-03-03 14:01:48.281624,111.3,0,0,0,0,0,28.07,0,28.1,0,4041.8
"TXC_9","treatment",392,2026-03-03 14:12:14.074064,2026-03-03 14:13:03.913241,49.8,0,0,1,0,0,72.34,0,15.1,0,1879.2
"TXC_9","treatment",393,2026-03-03 14:28:57.88763,2026-03-03 14:29:04.663538,6.8,0,0,0,0,0,23.79,0,37.8,0,1266.3
"TXC_9","treatment",394,2026-03-03 14:39:10.472881,2026-03-03 14:39:26.616953,16.1,0,0,0,0,0,9.37,0,67.3,0,2387.4
"TXC_9","treatment",395,2026-03-03 14:43:00.055583,2026-03-03 14:43:19.497359,19.4,0,0,0,0,0,21.72,0,8.1,0,1514.7
"TXC_9","treatment",396,2026-03-03 15:25:21.322446,2026-03-03 15:25:33.493218,12.2,0,0,0,0,0,41.29,0,11.1,0,1897.2
"TXC_9","treatment",397,2026-03-03 15:41:46.282584,2026-03-03 15:47:43.062962,356.8,0,0,0,0,0,51.24,1,36.6,0,3579.2
"TXC_9","treatment",398,2026-03-03 16:25:47.853651,2026-03-03 16:25:56.08678,8.2,0,0,0,0,0,0.08,0,47.5,0,2016.6
"TXC_9","treatment",399,2026-03-03 16:26:18.812183,2026-03-03 16:28:11.282088,112.5,0,0,1,0,0,3.31,0,74.1,0,2205.1
"TXC_9","treatment",400,2026-03-03 16:52:18.191796,2026-03-03 16:52:26.180757,8,0,0,0,0,0,71.74,0,1.2,0,1662.8
"TXC_9","treatment",401,2026-03-03 17:14:49.700277,2026-03-03 17:20:36.384724,346.7,0,0,0,0,0,95.1,0,8.4,0,1806.6
"TXC_9","treatment",402,2026-03-03 18:09:56.996742,2026-03-03 18:10:30.939084,33.9,0,0,0,0,0,17.99,0,70,0,5633.4
"TXC_9","treatment",403,2026-03-03 18:11:27.449037,2026-03-03 18:12:46.784563,79.3,0,0,0,0,0,9.94,0,3,0,1655.9
"TXC_9","treatment",404,2026-03-03 18:28:52.915827,2026-03-03 19:08:30.730226,2377.8,0,0,0,0,0,26.92,1,89.4,0,2627.1
"TXC_9","treatment",405,2026-03-03 18:46:39.166069,2026-03-03 18:46:44.980007,5.8,1,0,0,0,0,2.42,0,6.1,0,1541.6
"TXC_9","treatment",406,2026-03-03 18:54:32.835376,2026-03-03 18:54:39.643445,6.8,0,0,0,0,0,54.27,0,34.7,0,1330.3
"TXC_9","treatment",407,2026-03-03 19:05:42.141724,2026-03-03 19:08:27.853703,165.7,0,0,0,0,0,4.18,0,10.5,0,4077.4
"TXC_9","treatment",408,2026-03-03 19:29:55.258786,2026-03-03 19:30:04.631547,9.4,0,1,0,0,0,13.35,0,77.8,0,1569.2
"TXC_9","treatment",409,2026-03-03 19:38:50.704062,2026-03-03 19:38:51.305806,0.6,1,0,0,0,0,1.18,0,13.1,0,1538.4
"TXC_9","treatment",410,2026-03-03 20:00:48.845635,2026-03-03 20:03:02.308837,133.5,0,0,0,0,0,55.5,0,93.2,0,1298.6
"TXC_9","treatment",411,2026-03-03 20:24:04.473168,2026-03-03 20:29:53.650511,349.2,0,0,1,0,0,26.38,0,63.8,0,5936.8
"TXC_9","treatment",412,2026-03-03 20:26:59.430537,2026-03-03 20:31:52.79367,293.4,0,0,0,0,0,35.28,0,6.2,0,2279.5
"TXC_9","treatment",413,2026-03-03 20:30:27.263086,2026-03-03 20:30:38.419115,11.2,0,0,0,0,0,27.13,0,11.3,1,1391
"TXC_9","treatment",414,2026-03-03 20:41:12.42583,2026-03-03 20:41:14.445827,2,1,0,0,0,0,7.09,0,12.2,0,2325.8
"TXC_9","treatment",415,2026-03-03 20:56:53.883407,2026-03-03 20:57:06.467266,12.6,1,0,0,0,0,1.72,0,4.4,0,2158.1
"TXC_9","treatment",416,2026-03-03 21:01:50.539292,2026-03-03 21:03:27.24459,96.7,0,0,0,0,0,40.95,0,34.9,0,1860.3
"TXC_9","treatment",417,2026-03-03 21:07:36.74705,2026-03-03 21:11:02.78459,206,0,0,0,0,0,15.75,0,5.5,0,1354.1
"TXC_9","treatment",418,2026-03-03 21:32:48.610988,2026-03-03 21:33:09.884068,21.3,0,0,0,0,0,14.33,0,31.9,0,1488.5
"TXC_9","treatment",419,2026-03-03 22:12:58.547806,2026-03-03 22:13:34.677994,36.1,0,0,0,0,0,24.06,0,64.6,0,2817.7
"TXC_9","treatment",420,2026-03-03 22:33:47.647307,2026-03-03 22:38:31.998682,284.4,0,0,0,0,0,31.41,0,66.2,0,1918.2
"TXC_9","treatment",421,2026-03-04 08:14:28.139541,2026-03-04 08:14:29.425558,1.3,1,0,0,0,0,0.66,0,4.5,0,1673
"TXC_9","treatment",423,2026-03-04 09:02:00.213309,2026-03-04 09:02:01.847969,1.6,1,0,0,0,0,3.86,0,4.4,0,2720.6
"TXC_9","treatment",424,2026-03-04 09:05:17.332296,2026-03-04 09:43:40.292967,2303,0,1,1,0,0,21.61,0,78.1,0,1704
"TXC_9","treatment",425,2026-03-04 09:29:44.922284,2026-03-04 09:33:15.345429,210.4,0,0,0,0,0,69.8,1,28.3,0,1752.4
"TXC_9","treatment",426,2026-03-04 09:34:59.503901,2026-03-04 09:35:03.097036,3.6,1,0,0,0,0,3.11,0,4.8,0,10579
"TXC_9","treatment",427,2026-03-04 09:40:14.746508,2026-03-04 09:40:52.693486,37.9,0,0,1,0,0,35.31,0,22.4,0,1240.6
"TXC_9","treatment",428,2026-03-04 09:43:04.709557,2026-03-04 09:44:11.1459,66.4,0,0,0,0,0,64.8,0,12.8,0,2263.3
"TXC_9","treatment",429,2026-03-04 10:35:09.712281,2026-03-04 10:35:24.179744,14.5,0,0,0,0,0,68.39,0,24.1,0,1098.7
"TXC_9","treatment",430,2026-03-04 10:40:53.181309,2026-03-04 11:22:11.974493,2478.8,0,0,0,0,0,15.36,0,43.4,0,1687.5
"TXC_9","treatment",431,2026-03-04 10:40:53.81132,2026-03-04 10:42:41.825732,108,0,0,1,0,0,76.52,0,10.2,0,2343.5
"TXC_9","treatment",432,2026-03-04 11:11:48.027475,2026-03-04 11:20:45.263386,537.2,0,0,0,0,0,8.27,0,92.7,0,2173.9
"TXC_9","treatment",433,2026-03-04 11:15:34.066965,2026-03-04 11:17:22.887309,108.8,0,0,0,0,0,24.69,1,16.8,0,2166.1
"TXC_9","treatment",434,2026-03-04 12:05:32.876891,2026-03-04 12:05:37.725372,4.8,1,0,0,0,0,0.03,0,3.6,0,1296.4
"TXC_9","treatment",435,2026-03-04 12:13:48.448574,2026-03-04 12:14:00.473302,12,1,0,0,0,0,4.25,0,1.3,0,1683.2
"TXC_9","treatment",436,2026-03-04 12:33:48.912069,2026-03-04 12:34:05.412229,16.5,0,0,0,0,0,37.41,0,0,0,1258.5
"TXC_9","treatment",437,2026-03-04 12:42:02.334337,2026-03-04 12:42:04.754555,2.4,1,0,0,0,0,5.31,0,7.5,0,1357.2
"TXC_9","treatment",438,2026-03-04 13:32:48.572351,2026-03-04 13:34:15.928181,87.4,0,0,0,0,0,0,0,31.8,0,4760.7
"TXC_9","treatment",439,2026-03-04 13:58:53.419707,2026-03-04 14:01:45.225503,171.8,0,0,0,0,0,16.84,0,0,0,1746.7
"TXC_9","treatment",440,2026-03-04 14:03:34.575414,2026-03-04 14:05:49.022825,134.4,0,0,0,0,0,93.93,0,67.8,0,1559.8
"TXC_9","treatment",441,2026-03-04 14:12:06.431901,2026-03-04 14:12:23.418466,17,1,0,0,0,0,3.35,0,0.1,0,7945.6
"TXC_9","treatment",442,2026-03-04 14:32:21.388457,2026-03-04 14:32:23.104122,1.7,1,0,0,0,0,2.85,0,2.2,0,1036.6
"TXC_9","treatment",443,2026-03-04 15:02:30.830906,2026-03-04 15:02:32.842878,2,1,0,0,0,0,1.89,0,2.4,0,2927
"TXC_9","treatment",444,2026-03-04 15:30:07.072053,2026-03-04 15:30:45.548062,38.5,0,0,0,0,0,81.31,0,39.2,0,2181.9
"TXC_9","treatment",445,2026-03-04 15:34:16.511356,2026-03-04 15:34:28.53653,12,0,0,0,0,0,38.35,0,22,0,1409.3
"TXC_9","treatment",446,2026-03-04 16:00:27.684588,2026-03-04 16:03:50.37729,202.7,0,0,0,0,0,23.37,0,6.4,0,1951.8
"TXC_9","treatment",447,2026-03-04 16:46:26.92965,2026-03-04 16:49:05.925779,159,0,0,0,0,0,14.44,0,21,0,1778.7
"TXC_9","treatment",448,2026-03-04 17:16:19.205505,2026-03-04 17:29:44.772753,805.6,0,0,0,0,0,64.89,0,53.1,0,1986.8
"TXC_9","treatment",449,2026-03-04 17:29:14.276336,2026-03-04 17:29:43.306394,29,0,0,0,0,0,29.46,0,75.9,0,2148.4
"TXC_9","treatment",450,2026-03-04 17:33:37.370423,2026-03-04 17:34:33.482738,56.1,0,0,1,0,0,7.65,0,21.3,0,2197.4
"TXC_9","treatment",451,2026-03-04 20:20:06.237104,2026-03-04 20:20:48.709876,42.5,0,0,0,0,0,0,0,91.9,0,1717.1
"TXC_9","treatment",452,2026-03-04 20:52:19.061804,2026-03-04 21:31:56.307032,2377.2,0,0,0,0,0,49.69,0,9.2,0,1328.6
"TXC_9","treatment",453,2026-03-04 21:17:29.929188,2026-03-04 21:18:10.92434,41,0,0,0,0,0,0,0,10,0,15472.6
"TXC_9","treatment",454,2026-03-04 22:30:50.159676,2026-03-04 22:31:44.257761,54.1,0,0,0,0,0,10.35,0,3.6,0,1845.5
"TXC_9","treatment",455,2026-03-05 00:01:38.994474,2026-03-05 00:45:35.065054,2636.1,0,0,0,0,0,44.64,0,79.4,0,1377.6
"TXC_9","treatment",456,2026-03-05 07:08:13.283752,2026-03-05 07:08:30.969166,17.7,0,0,0,0,0,37.88,0,86,0,2084
"TXC_9","treatment",457,2026-03-05 07:55:14.36308,2026-03-05 07:55:19.757499,5.4,1,0,0,0,0,0.31,0,14.9,0,1203.6
"TXC_9","treatment",458,2026-03-05 08:04:48.409956,2026-03-05 08:05:33.952242,45.5,0,0,0,0,0,34.19,0,7,0,5428.9
"TXC_9","treatment",459,2026-03-05 08:13:48.885459,2026-03-05 08:14:30.058207,41.2,0,0,0,0,0,5.36,0,26,0,2044.1
"TXC_9","treatment",460,2026-03-05 08:41:37.346757,2026-03-05 08:41:50.138337,12.8,1,0,0,0,0,0.22,0,1.8,0,2293.3
"TXC_9","treatment",461,2026-03-05 08:44:10.874048,2026-03-05 09:52:25.008422,4094.1,0,0,0,0,0,35.26,0,6,0,3103.5
"TXC_9","treatment",462,2026-03-05 09:10:47.889545,2026-03-05 09:11:03.460452,15.6,0,0,0,0,0,27.07,0,67.9,0,1997
"TXC_9","treatment",463,2026-03-05 09:13:50.670932,2026-03-05 09:13:53.293918,2.6,0,0,0,0,0,42.21,0,3.9,0,2250.3
"TXC_9","treatment",464,2026-03-05 09:58:41.143585,2026-03-05 10:06:11.470777,450.3,0,0,0,0,0,73.49,0,36.4,0,2285.3
"TXC_9","treatment",465,2026-03-05 10:14:06.736975,2026-03-05 10:14:07.908634,1.2,1,0,0,0,0,4.37,0,1.7,0,1587.1
"TXC_9","treatment",466,2026-03-05 10:38:36.967544,2026-03-05 10:39:08.489141,31.5,0,0,0,0,0,10.04,0,93.3,0,2249.9
"TXC_9","treatment",467,2026-03-05 10:40:10.59876,2026-03-05 10:40:31.569792,21,0,0,0,0,1,33.17,1,54.2,0,1819.6
"TXC_9","treatment",468,2026-03-05 10:43:05.704549,2026-03-05 10:43:12.032086,6.3,1,0,0,0,0,2.35,0,9.7,0,1550.9
"TXC_9","treatment",469,2026-03-05 11:21:05.915215,2026-03-05 11:28:19.306875,433.4,0,0,0,0,0,17.66,0,3.2,1,2511.2
"TXC_9","treatment",470,2026-03-05 11:24:33.175628,2026-03-05 11:24:45.201107,12,0,0,0,0,0,32.16,0,42.5,0,2014.9
"TXC_9","treatment",471,2026-03-05 11:50:36.224341,2026-03-05 11:51:32.604351,56.4,0,0,0,0,0,63.58,0,3.9,0,1404.1
"TXC_9","treatment",472,2026-03-05 11:51:04.89391,2026-03-05 11:53:29.255105,144.4,0,0,0,0,0,1.76,0,43.8,0,1842.9
"TXC_9","treatment",473,2026-03-05 11:56:12.383894,2026-03-05 12:00:50.068863,277.7,0,0,0,0,0,3.89,0,53.8,0,1883.6
"TXC_9","treatment",474,2026-03-05 11:59:02.810369,2026-03-05 12:00:34.273442,91.5,0,0,0,0,0,92.62,0,60.4,0,1373.2
"TXC_9","treatment",475,2026-03-05 12:40:28.574898,2026-03-05 12:40:31.375347,2.8,1,0,0,0,0,4.72,0,9.2,0,1661.7
"TXC_9","treatment",476,2026-03-05 12:51:31.746879,2026-03-05 12:53:03.878748,92.1,0,0,0,0,0,56.33,0,27.1,0,1780.3
"TXC_9","treatment",477,2026-03-05 13:13:35.367461,2026-03-05 13:13:57.160801,21.8,0,0,0,0,0,47.97,0,80.9,0,3015.5
"TXC_9","treatment",478,2026-03-05 13:35:04.270287,2026-03-05 13:36:59.888071,115.6,0,0,0,0,0,63.45,0,69.5,0,1792.6
"TXC_9","treatment",479,2026-03-05 13:44:38.135088,2026-03-05 13:51:56.77178,438.6,0,0,1,0,0,4.42,0,60.3,0,1390.7
"TXC_9","treatment",480,2026-03-05 13:55:56.806543,2026-03-05 13:57:36.578801,99.8,0,0,0,0,0,27.26,0,79.7,0,1491.5
"TXC_9","treatment",481,2026-03-05 14:20:37.435949,2026-03-05 14:20:37.935949,0.5,1,0,0,0,0,0.17,0,6.1,0,1116.9
"TXC_9","treatment",482,2026-03-05 14:22:35.253153,2026-03-05 14:23:22.758667,47.5,0,0,0,0,0,14.21,0,37,0,1249.1
"TXC_9","treatment",483,2026-03-05 14:44:36.437618,2026-03-05 15:58:05.491041,4409.1,0,0,0,0,0,28.15,0,14.2,0,2528.6
"TXC_9","treatment",484,2026-03-05 15:11:44.605553,2026-03-05 15:12:46.956269,62.4,0,0,0,0,0,75.61,0,71,0,10477.5
"TXC_9","treatment",485,2026-03-05 15:22:26.406457,2026-03-05 15:22:55.31379,28.9,0,0,0,0,0,45,0,83.1,0,2853.4
"TXC_9","treatment",486,2026-03-05 15:45:19.475694,2026-03-05 15:45:27.003137,7.5,1,0,0,0,0,0.72,0,6.8,0,1821.9
"TXC_9","treatment",487,2026-03-05 15:56:56.463364,2026-03-05 15:58:19.111745,82.6,0,0,0,0,0,37.42,0,26.8,0,1074.5
"TXC_9","treatment",488,2026-03-05 16:06:45.897483,2026-03-05 16:06:48.443573,2.5,1,0,0,0,0,5.02,0,15.3,0,2381.7
"TXC_9","treatment",489,2026-03-05 16:12:09.724091,2026-03-05 16:12:29.729393,20,0,0,0,0,0,90.82,0,8.4,0,907.2
"TXC_9","treatment",490,2026-03-05 16:17:53.309011,2026-03-05 16:18:49.917125,56.6,0,0,0,0,0,31.48,1,63,0,1453.1
"TXC_9","treatment",491,2026-03-05 16:26:41.859936,2026-03-05 16:27:11.851282,30,0,0,0,0,0,43.58,0,11,0,2232.9
"TXC_9","treatment",492,2026-03-05 16:39:31.378675,2026-03-05 16:39:35.940627,4.6,1,0,0,0,0,2.55,0,0.5,0,2595.6
"TXC_9","treatment",493,2026-03-05 16:44:55.776574,2026-03-05 16:46:02.444094,66.7,0,0,0,0,0,34.8,0,91.4,0,1784.2
"TXC_9","treatment",494,2026-03-05 16:56:37.948806,2026-03-05 16:57:24.95089,47,0,0,0,0,1,75.64,0,74.5,0,1005.3
"TXC_9","treatment",495,2026-03-05 17:12:37.355209,2026-03-05 17:15:01.645427,144.3,0,0,0,0,0,30.02,1,2.3,0,2058
"TXC_9","treatment",496,2026-03-05 17:42:39.830647,2026-03-05 17:42:46.860168,7,0,0,0,0,0,25.86,0,96.8,0,1623.4
"TXC_9","treatment",497,2026-03-05 18:25:37.70206,2026-03-05 18:30:58.825935,321.1,0,0,0,0,0,41.55,0,18,0,1767.5
"TXC_9","treatment",498,2026-03-05 19:17:38.264715,2026-03-05 19:18:34.639567,56.4,0,0,0,0,0,14.77,0,59.9,0,1528.2
"TXC_9","treatment",499,2026-03-05 19:19:45.589955,2026-03-05 19:19:51.385229,5.8,0,0,0,0,1,22.61,0,77.1,0,7840.1
"TXC_9","treatment",500,2026-03-05 19:54:39.406741,2026-03-05 19:55:45.044239,65.6,0,0,0,0,0,64.87,1,36.5,0,2950.6
"TXC_9","treatment",501,2026-03-05 19:57:40.458626,2026-03-05 19:57:42.52236,2.1,1,0,0,0,0,2.1,0,1.3,0,1060.6
"TXC_9","treatment",502,2026-03-05 19:58:56.735541,2026-03-05 20:00:58.403325,121.7,0,0,0,0,0,23.43,0,12.5,0,1772.3
"TXC_9","treatment",503,2026-03-05 20:27:09.661924,2026-03-05 20:27:36.562565,26.9,0,0,0,0,0,8.89,0,6.7,0,1382.6
"TXC_9","treatment",504,2026-03-05 20:44:25.844435,2026-03-05 22:01:31.61753,4625.8,0,0,0,0,0,81.44,1,32,0,4976.8
"TXC_9","treatment",505,2026-03-05 20:52:12.724301,2026-03-05 20:52:13.810771,1.1,1,0,0,0,0,0.37,0,0.2,0,2585.6
"TXC_9","treatment",422,2026-03-05 22:25:53,2026-03-05 22:27:48.3,115.3,0,0,0,0,0,45.43,0,12,0,1249.3
"TXC_9","pre",135,2026-03-05 23:09:42,2026-03-05 23:09:57.5,15.5,0,0,0,0,0,56.83,0,90.9,0,7772.5
"TXC_9","control",158,2026-03-06 02:59:50,2026-03-06 02:59:50.5,0.5,1,0,0,0,0,3.204,0,2.1,0,1669.2
"TXC_9","control",302,2026-03-06 06:01:49,2026-03-06 06:02:20.4,31.4,0,0,0,0,0,1.302,0,44.28,0,1250
"TXC_9","treatment",329,2026-03-06 09:05:41,2026-03-06 09:05:44.1,3.1,1,0,0,0,0,0.01,0,6.7,0,1482.6
